tcga_code,gene,target_gene_id,target_logFC,target_q_value_global,target_baseline_tpm,target_tau,target_breadth_1tpm,target_organ_specificity_log2,target_mean_normal_logcpm,n_background,background_median_baseline_log2_tpm1,background_median_tau,background_median_breadth_1tpm,background_median_organ_specificity_log2,background_median_normal_logcpm,background_median_logFC,background_mean_logFC,excess_logFC_vs_background,background_percentile,empirical_p_lower,empirical_p_upper,empirical_p_directional,empirical_p_two_sided,median_matching_distance,maximum_matching_distance,matching_status,q_empirical_directional,selective_disruption_candidate,selective_direction,organ,selective_disruption_candidate_directional_legacy,selective_direction_directional_legacy,q_empirical_two_sided,matched_background_primary_inference
BRCA,MAOB,ENSG00000069535,-2.1583680889801524,1.8261830203645057e-15,70.224,0.7595819301901545,0.9444444444444444,0.361452007046552,7.420691803259547,1000,5.691069722887432,0.7178899423514282,1,0.30237158840100076,6.661219925255802,0.1078608219190438,0.01969946964356479,-2.2662289108991964,0.013,0.01398601398601398,0.987012987012987,0.01398601398601398,0.02797202797202797,0.8432096226545315,1.0288761185998052,estimable:within_caliper,0.08623548922056384,FALSE,not_selective_after_two_sided_matching,breast,FALSE,not_selective_after_matching,0.1724709784411277,two_sided_empirical_P_with_BH_across_estimable_cells
BRCA,CYP3A4,ENSG00000160868,-2.1904094810539343,1.281799192095636e-17,0.240634,0.9964085738630708,0.12962962962962962,0.48202732989960634,-1.649414990232826,1000,0.27950694571487644,0.9729302898013814,0.10185185185185185,0.2610869506020646,-1.3645344891130031,0.15867371929287163,0.25810959343621637,-2.349083200346806,0.043,0.04395604395604396,0.957042957042957,0.04395604395604396,0.08791208791208792,0.7286796365472972,1.0378564451150312,estimable:within_caliper,0.15584415584415584,FALSE,not_selective_after_two_sided_matching,breast,FALSE,not_selective_after_matching,0.3116883116883117,two_sided_empirical_P_with_BH_across_estimable_cells
BRCA,CYP3A5,ENSG00000106258,-0.2904503092437013,1.9223618166368217e-5,5.13068,0.9437232781882396,0.5370370370370371,1.6661203257642114,2.521356275977924,1000,2.1314161224014176,0.9166305931642356,0.6111111111111112,1.2051455802322344,2.5528328001590013,-0.26755088103570623,-0.4601368077311987,-0.02289942820799506,0.494,0.4945054945054945,0.5064935064935064,0.4945054945054945,0.989010989010989,1.3088789140289778,1.6408581274676817,estimable:within_caliper,0.5741023682200153,FALSE,not_selective_after_two_sided_matching,breast,FALSE,not_selective_after_matching,1,two_sided_empirical_P_with_BH_across_estimable_cells
BRCA,CYP3A7,,,,,,,,,,,,,,,,,,,,,,,,,target_not_estimable,,FALSE,not_estimable,breast,FALSE,not_estimable,,two_sided_empirical_P_with_BH_across_estimable_cells
BRCA,CYP3A43,,,,,,,,,,,,,,,,,,,,,,,,,target_not_estimable,,FALSE,not_estimable,breast,FALSE,not_estimable,,two_sided_empirical_P_with_BH_across_estimable_cells
COAD,MAOB,ENSG00000069535,-2.70789628870493,2.2821321043337606e-11,53.3664,0.7595819301901545,0.9444444444444444,-0.03393258521054223,4.7025312013267255,1000,5.05106534285335,0.7367954902016018,1,0.0470011365883151,5.290240438773841,0.20034145429888808,0.16974551329648677,-2.908237743003818,0.006,0.00699300699300699,0.994005994005994,0.00699300699300699,0.01398601398601398,0.7860672335457193,0.926197800372792,estimable:within_caliper,0.08623548922056384,FALSE,not_selective_after_two_sided_matching,colon,FALSE,not_selective_after_matching,0.1724709784411277,two_sided_empirical_P_with_BH_across_estimable_cells
COAD,CYP3A4,ENSG00000160868,-2.9215306840079713,2.02226403759278e-6,0.230075,0.9964085738630708,0.12962962962962962,0.4365987591650339,0.9983408190643468,1000,0.43123403969140434,0.959530496662952,0.16666666666666666,0.33150254957548586,-0.02809182249115886,-0.3198361450903788,-0.2855066831191122,-2.6016945389175925,0.056,0.05694305694305694,0.944055944055944,0.05694305694305694,0.11388611388611387,0.9953921052413104,1.3381808666045154,estimable:within_caliper,0.17082917082917082,FALSE,not_selective_after_two_sided_matching,colon,FALSE,not_selective_after_matching,0.34165834165834164,two_sided_empirical_P_with_BH_across_estimable_cells
COAD,CYP3A5,ENSG00000106258,-0.19820252968770224,0.3108965890552016,15.347895,0.9437232781882396,0.5370370370370371,3.228460171807265,5.720869585517818,458,3.396665095918504,0.9147376515623474,0.5740740740740741,2.6344837277022304,4.869090475475468,-1.0935870277633746,-1.2245851278288515,0.8953844980756723,0.7358078602620087,0.7363834422657952,0.2657952069716776,0.7363834422657952,0.5315904139433552,1.5965959322794203,1.9996674758706856,estimable:within_caliper,0.7363834422657952,FALSE,not_selective_after_two_sided_matching,colon,FALSE,not_selective_after_matching,0.7264348554671135,two_sided_empirical_P_with_BH_across_estimable_cells
COAD,CYP3A7,,,,,,,,,,,,,,,,,,,,,,,,,target_not_estimable,,FALSE,not_estimable,colon,FALSE,not_estimable,,two_sided_empirical_P_with_BH_across_estimable_cells
COAD,CYP3A43,,,,,,,,,,,,,,,,,,,,,,,,,target_not_estimable,,FALSE,not_estimable,colon,FALSE,not_estimable,,two_sided_empirical_P_with_BH_across_estimable_cells
ESCA,MAOB,ENSG00000069535,-1.447021388863092,0.01533395595629661,90.278,0.7595819301901545,0.9444444444444444,0.7234065058955776,5.35743089173555,1000,5.668773995329746,0.7322640040064483,1,0.4923892927720117,5.610582838222637,-0.0794404979032816,-0.13280130393103468,-1.3675808909598104,0.047,0.04795204795204795,0.9530469530469532,0.04795204795204795,0.0959040959040959,0.9792935534858516,1.1547894967257832,estimable:within_caliper,0.15584415584415584,FALSE,not_selective_after_two_sided_matching,esophagus,FALSE,not_selective_after_matching,0.3116883116883117,two_sided_empirical_P_with_BH_across_estimable_cells
ESCA,CYP3A4,ENSG00000160868,-0.41440373079989606,0.5029313538733636,0.1491,0.9964085738630708,0.12962962962962962,0.03052990829016817,-1.8321306074912953,1000,0.14098407949806266,0.9731927047650534,0.0925925925925926,-0.06110655897249888,-1.5983621792591285,0.34747596896750643,0.4985570048260621,-0.7618796997674024,0.242,0.24275724275724275,0.7582417582417582,0.24275724275724275,0.4855144855144855,0.6468920897230712,0.994063540042534,estimable:within_caliper,0.3641358641358642,FALSE,not_selective_after_two_sided_matching,esophagus,FALSE,not_selective_after_matching,0.7264348554671135,two_sided_empirical_P_with_BH_across_estimable_cells
ESCA,CYP3A5,ENSG00000106258,-0.39199569808975593,0.38100015054232966,2.02717,0.9437232781882396,0.5370370370370371,0.3680571493148366,6.058661862789322,1000,1.791155208164524,0.8977630214858932,0.7222222222222222,0.05516943060616894,3.72417335461366,0.16515138416491515,-0.04383221031689651,-0.5571470822546711,0.306,0.3066933066933067,0.6943056943056943,0.3066933066933067,0.6133866133866134,1.6742321315752284,1.8742074380073659,estimable:within_caliper,0.4124496193461711,FALSE,not_selective_after_two_sided_matching,esophagus,FALSE,not_selective_after_matching,0.747564935064935,two_sided_empirical_P_with_BH_across_estimable_cells
ESCA,CYP3A7,,,,,,,,,,,,,,,,,,,,,,,,,target_not_estimable,,FALSE,not_estimable,esophagus,FALSE,not_estimable,,two_sided_empirical_P_with_BH_across_estimable_cells
ESCA,CYP3A43,,,,,,,,,,,,,,,,,,,,,,,,,target_not_estimable,,FALSE,not_estimable,esophagus,FALSE,not_estimable,,two_sided_empirical_P_with_BH_across_estimable_cells
KICH,MAOB,ENSG00000069535,-4.277630302455459,1.0040206866003845e-6,37.6169,0.7595819301901545,0.9444444444444444,-0.537354021720432,6.669999332965542,1000,4.869458834706701,0.7303237777172229,1,-0.5777847247428665,6.33396088306679,0.05911510406923553,-0.02946481155801439,-4.336745406524694,0.002,0.00299700299700299,0.998001998001998,0.00299700299700299,0.00599400599400599,0.7691059666974774,0.9576656843545432,estimable:within_caliper,0.08623548922056384,FALSE,not_selective_after_two_sided_matching,kidney,FALSE,not_selective_after_matching,0.1724709784411277,two_sided_empirical_P_with_BH_across_estimable_cells
KICH,CYP3A4,ENSG00000160868,1.782107097062945,0.03165345117844219,0.213872,0.9964085738630708,0.12962962962962962,0.3639812209423825,-0.7046785893970207,1000,0.26508877133010744,0.9675455884555584,0.12962962962962962,-0.02763508795553165,-0.9725325043484708,-0.3788663774739123,-0.5442376768601186,2.160973474536857,0.87,0.8701298701298701,0.13086913086913088,0.13086913086913088,0.26173826173826176,0.7999255460483188,1.1376385851773587,estimable:within_caliper,0.26,FALSE,not_selective_after_two_sided_matching,kidney,FALSE,not_selective_after_matching,0.52,two_sided_empirical_P_with_BH_across_estimable_cells
KICH,CYP3A5,ENSG00000106258,-0.09704918525757156,0.7167078712338939,8.15326,0.9437232781882396,0.5370370370370371,2.32408590342981,2.880445502963099,973,2.222306887594963,0.9184871849784128,0.5555555555555556,1.485727335886843,3.189343894696927,-1.329047123440352,-1.5248374214329954,1.2319979381827804,0.7132579650565262,0.7135523613963038,0.2874743326488706,0.7135523613963038,0.5749486652977412,1.6499198707337308,1.9998853604147224,estimable:within_caliper,0.7363834422657952,FALSE,not_selective_after_two_sided_matching,kidney,FALSE,not_selective_after_matching,0.7264348554671135,two_sided_empirical_P_with_BH_across_estimable_cells
KICH,CYP3A7,ENSG00000160870,2.490823303182836,9.44379842296582e-5,0.687882,0.9920989699539168,0.05555555555555555,1.8749620746821485,-1.5805223948751916,1000,0.36114901060975946,0.9687048506591752,0.12962962962962962,0.3691558612761026,-0.7750343845983516,-0.6901196169000388,-0.7917301349813494,3.1809429200828747,0.91,0.91008991008991,0.09090909090909093,0.09090909090909093,0.18181818181818185,1.4583271445688588,1.8091396833713316,estimable:within_caliper,0.2215909090909091,FALSE,not_selective_after_two_sided_matching,kidney,FALSE,not_selective_after_matching,0.4431818181818183,two_sided_empirical_P_with_BH_across_estimable_cells
KICH,CYP3A43,,,,,,,,,,,,,,,,,,,,,,,,,target_not_estimable,,FALSE,not_estimable,kidney,FALSE,not_estimable,,two_sided_empirical_P_with_BH_across_estimable_cells
KIRC,MAOB,ENSG00000069535,0.8048316374358927,1.7794322974568085e-6,37.6169,0.7595819301901545,0.9444444444444444,-0.537354021720432,7.213542442590908,1000,4.924462228836232,0.7275653388264708,1,-0.5793356246893717,6.667514810192319,0.00626449543388434,0.01122305495845271,0.7985671420020084,0.898,0.8981018981018981,0.1028971028971029,0.1028971028971029,0.2057942057942058,0.8183619036294492,1.0072434190574466,estimable:within_caliper,0.23605805958747136,FALSE,not_selective_after_two_sided_matching,kidney,FALSE,not_selective_after_matching,0.47211611917494267,two_sided_empirical_P_with_BH_across_estimable_cells
KIRC,CYP3A4,ENSG00000160868,-1.926103995861374,3.098689807283343e-9,0.213872,0.9964085738630708,0.12962962962962962,0.3639812209423825,-0.32786281051115823,1000,0.26947425600656605,0.9671832606388052,0.12962962962962962,0,-0.9039778800548726,-0.25596909210773455,-0.239875215758166,-1.6701349037536397,0.199,0.1998001998001998,0.8011988011988012,0.1998001998001998,0.3996003996003996,0.810488838633182,1.108851656821129,estimable:within_caliper,0.3541912632821724,FALSE,not_selective_after_two_sided_matching,kidney,FALSE,not_selective_after_matching,0.70838252656434475,two_sided_empirical_P_with_BH_across_estimable_cells
KIRC,CYP3A5,ENSG00000106258,1.4618337550315277,1.163952578095383e-11,8.15326,0.9437232781882396,0.5370370370370371,2.32408590342981,3.2173521456436354,1000,2.301995529165689,0.9177418458454114,0.5740740740740741,1.512692528158298,3.384647675926489,-0.8893181692353798,-1.2093757962561276,2.3511519242669072,0.929,0.929070929070929,0.07192807192807193,0.07192807192807193,0.14385614385614387,1.6383787085601047,1.9969553727867877,estimable:within_caliper,0.1896103896103896,FALSE,not_selective_after_two_sided_matching,kidney,FALSE,not_selective_after_matching,0.37922077922077924,two_sided_empirical_P_with_BH_across_estimable_cells
KIRC,CYP3A7,ENSG00000160870,-0.4792482413452199,0.04503717482316122,0.687882,0.9920989699539168,0.05555555555555555,1.8749620746821485,-1.12216425339261,1000,0.3934677685568495,0.9686024739923288,0.12037037037037036,0.4965874474478502,-0.6607075204672956,-0.48030846340344047,-0.6230427359137098,0.00106022205822053,0.5,0.5004995004995005,0.5004995004995005,0.5004995004995005,1,1.3867030399036944,1.7208915386221826,estimable:within_caliper,0.5741023682200153,FALSE,not_selective_after_two_sided_matching,kidney,FALSE,not_selective_after_matching,1,two_sided_empirical_P_with_BH_across_estimable_cells
KIRC,CYP3A43,,,,,,,,,,,,,,,,,,,,,,,,,target_not_estimable,,FALSE,not_estimable,kidney,FALSE,not_estimable,,two_sided_empirical_P_with_BH_across_estimable_cells
KIRP,MAOB,ENSG00000069535,-0.8481437556344779,0.01271471991675457,37.6169,0.7595819301901545,0.9444444444444444,-0.537354021720432,7.397329775725051,1000,4.946499115521373,0.7271219636812574,1,-0.5741034290316749,6.7025443528654325,0.0054053052214535,-0.09807032380520084,-0.8535490608559314,0.111,0.11188811188811187,0.8891108891108891,0.11188811188811187,0.22377622377622375,0.8293601364972245,1.0209883429386266,estimable:within_caliper,0.2424242424242424,FALSE,not_selective_after_two_sided_matching,kidney,FALSE,not_selective_after_matching,0.48484848484848475,two_sided_empirical_P_with_BH_across_estimable_cells
KIRP,CYP3A4,ENSG00000160868,-1.834353719537459,2.5847542651817883e-4,0.213872,0.9964085738630708,0.12962962962962962,0.3639812209423825,0.3155788201232935,1000,0.30180598523987756,0.9671832606388052,0.14814814814814814,0.04159495734825046,-0.5867801873312797,-0.23597571096297215,-0.44738795322084074,-1.598378008574487,0.213,0.2137862137862138,0.7872127872127872,0.2137862137862138,0.4275724275724276,0.8827699617699517,1.1732041076494806,estimable:within_caliper,0.35844155844155845,FALSE,not_selective_after_two_sided_matching,kidney,FALSE,not_selective_after_matching,0.7168831168831169,two_sided_empirical_P_with_BH_across_estimable_cells
KIRP,CYP3A5,ENSG00000106258,1.755226087498147,9.882984488943753e-6,8.15326,0.9437232781882396,0.5370370370370371,2.32408590342981,3.543925504733898,1000,2.322242515566622,0.9172395932322392,0.5740740740740741,1.501931164922809,3.59874224508934,-0.8300010537092707,-1.246826982201988,2.5852271412074175,0.966,0.966033966033966,0.03496503496503497,0.03496503496503497,0.06993006993006994,1.6319745321025532,1.9948566187095216,estimable:within_caliper,0.13636363636363638,FALSE,not_selective_after_two_sided_matching,kidney,FALSE,not_selective_after_matching,0.27272727272727276,two_sided_empirical_P_with_BH_across_estimable_cells
KIRP,CYP3A7,ENSG00000160870,-1.7743696974805263,3.241764421126165e-4,0.687882,0.9920989699539168,0.05555555555555555,1.8749620746821485,-0.6807281894968732,1000,0.4079500353557978,0.9685538076264488,0.12962962962962962,0.5726791297885675,-0.4617039463112268,-0.5153898200579832,-0.7909523112129864,-1.2589798774225434,0.288,0.2887112887112887,0.7122877122877123,0.2887112887112887,0.5774225774225774,1.3679059155745177,1.7029004440962383,estimable:within_caliper,0.40213358070500926,FALSE,not_selective_after_two_sided_matching,kidney,FALSE,not_selective_after_matching,0.7264348554671135,two_sided_empirical_P_with_BH_across_estimable_cells
KIRP,CYP3A43,,,,,,,,,,,,,,,,,,,,,,,,,target_not_estimable,,FALSE,not_estimable,kidney,FALSE,not_estimable,,two_sided_empirical_P_with_BH_across_estimable_cells
LIHC,MAOB,ENSG00000069535,-0.914125081691664,6.406453379619561e-9,99.7081,0.7595819301901545,0.9444444444444444,0.8665917776291728,8.356422604603969,1000,5.814577129395769,0.722954883470482,1,0.12225174229337862,6.929828361939364,-0.2915695770413986,-0.4536602158108244,-0.6225555046502655,0.229,0.22977022977022976,0.7712287712287712,0.22977022977022976,0.4595404595404595,1.3006011982856458,1.6374813214151227,estimable:within_caliper,0.35844155844155845,FALSE,not_selective_after_two_sided_matching,liver,FALSE,not_selective_after_matching,0.7168831168831169,two_sided_empirical_P_with_BH_across_estimable_cells
LIHC,CYP3A4,ENSG00000160868,-7.284966075661003,2.2898221294465483e-16,335.297,0.9964085738630708,0.12962962962962962,10.42545895596903,11.296536765154665,200,7.150128526636136,0.994978838010623,0.1111111111111111,9.10198898637937,8.531902951662236,-2.397033481139226,-2.579357839285639,-4.887932594521777,0.015,0.01990049751243781,0.9850746268656716,0.01990049751243781,0.03980099502487562,1.9600018225948204,3.110029102279776,estimable:caliper_relaxed_to_minimum,0.08623548922056384,FALSE,not_selective_after_two_sided_matching,liver,FALSE,not_selective_after_matching,0.1724709784411277,two_sided_empirical_P_with_BH_across_estimable_cells
LIHC,CYP3A5,ENSG00000106258,-1.055955835712751,1.1848467202349453e-6,155.853,0.9437232781882396,0.5370370370370371,6.564089308795446,8.08114751110693,200,6.331499408599881,0.962580180099908,0.5,6.026634288142217,7.390333882257597,-1.6697248542629526,-1.8975597250329608,0.6137690185502016,0.72,0.7213930348258707,0.2835820895522388,0.7213930348258707,0.5671641791044776,1.801825258427716,2.215320476009002,estimable:caliper_relaxed_to_minimum,0.7363834422657952,FALSE,not_selective_after_two_sided_matching,liver,FALSE,not_selective_after_matching,0.7264348554671135,two_sided_empirical_P_with_BH_across_estimable_cells
LIHC,CYP3A7,ENSG00000160870,-1.8042319330231504,7.686860413633159e-5,24.5131,0.9920989699539168,0.05555555555555555,6.840265064553394,4.452004181056193,212,4.526437414510385,0.9754935476289311,0.12962962962962962,6.468670562118776,5.35929478008902,-1.450363297761295,-1.7038283464671669,-0.3538686352618552,0.4056603773584906,0.4084507042253521,0.596244131455399,0.4084507042253521,0.8169014084507042,1.296515304876487,1.9878892637171288,estimable:within_caliper,0.4977992957746479,FALSE,not_selective_after_two_sided_matching,liver,FALSE,not_selective_after_matching,0.8849765258215962,two_sided_empirical_P_with_BH_across_estimable_cells
LIHC,CYP3A43,ENSG00000021461,-2.8537130033334575,2.8030757628131783e-11,4.28768,0.9588837795202964,0.05555555555555555,4.407429299182693,2.8622187235936436,299,2.0292408390900687,0.957636559940904,0.16666666666666666,3.5485901739985852,2.837678880406904,-1.0191780954831446,-1.1967349714176474,-1.8345349078503128,0.137123745819398,0.14,0.8633333333333333,0.14,0.28,1.4857356507281128,1.9998255418608044,estimable:within_caliper,0.26,FALSE,not_selective_after_two_sided_matching,liver,FALSE,not_selective_after_matching,0.52,two_sided_empirical_P_with_BH_across_estimable_cells
LUAD,MAOB,ENSG00000069535,-1.5021946041796652,5.4901064679441514e-14,58.3808,0.7595819301901545,0.9444444444444444,0.0953979214004817,5.714779962333995,1000,5.334736249243609,0.7280925458412124,1,0.2885249057030074,5.733724385212332,0.14638691908706966,0.12490684864035166,-1.648581523266735,0.012,0.01298701298701298,0.988011988011988,0.01298701298701298,0.02597402597402597,0.7281608959245697,0.8842528923702638,estimable:within_caliper,0.08623548922056384,FALSE,not_selective_after_two_sided_matching,lung,FALSE,not_selective_after_matching,0.1724709784411277,two_sided_empirical_P_with_BH_across_estimable_cells
LUAD,CYP3A4,,,,,,,,,,,,,,,,,,,,,,,,,target_not_estimable,,FALSE,not_estimable,lung,FALSE,not_estimable,,two_sided_empirical_P_with_BH_across_estimable_cells
LUAD,CYP3A5,ENSG00000106258,-0.3332621167777662,0.11445187745725556,17.5528,0.9437232781882396,0.5370370370370371,3.4209469432450192,3.4044217808390047,1000,3.433349404946331,0.92900967786056,0.5925925925925926,2.7959272924979204,3.735243029677254,-0.6857491567835714,-0.6798952556693243,0.3524870400058052,0.58,0.5804195804195804,0.4205794205794206,0.5804195804195804,0.8411588411588412,1.5412189722403906,1.972321117058791,estimable:within_caliper,0.6467532467532467,FALSE,not_selective_after_two_sided_matching,lung,FALSE,not_selective_after_matching,0.8866268866268866,two_sided_empirical_P_with_BH_across_estimable_cells
LUAD,CYP3A7,,,,,,,,,,,,,,,,,,,,,,,,,target_not_estimable,,FALSE,not_estimable,lung,FALSE,not_estimable,,two_sided_empirical_P_with_BH_across_estimable_cells
LUAD,CYP3A43,,,,,,,,,,,,,,,,,,,,,,,,,target_not_estimable,,FALSE,not_estimable,lung,FALSE,not_estimable,,two_sided_empirical_P_with_BH_across_estimable_cells
LUSC,MAOB,ENSG00000069535,-2.240749604167458,1.062361085868258e-16,58.3808,0.7595819301901545,0.9444444444444444,0.0953979214004817,5.825534725399154,1000,5.368226527715853,0.7271863101438192,1,0.29103263557262327,5.787168235061747,0.24016461281174095,0.16981833168946306,-2.480914216979199,0.009,0.00999000999000999,0.991008991008991,0.00999000999000999,0.01998001998001998,0.7057796318009184,0.8545124348596851,estimable:within_caliper,0.08623548922056384,FALSE,not_selective_after_two_sided_matching,lung,FALSE,not_selective_after_matching,0.1724709784411277,two_sided_empirical_P_with_BH_across_estimable_cells
LUSC,CYP3A4,,,,,,,,,,,,,,,,,,,,,,,,,target_not_estimable,,FALSE,not_estimable,lung,FALSE,not_estimable,,two_sided_empirical_P_with_BH_across_estimable_cells
LUSC,CYP3A5,ENSG00000106258,-0.99559653632554,7.159071968447066e-9,17.5528,0.9437232781882396,0.5370370370370371,3.4209469432450192,3.400164825569516,1000,3.481318289310984,0.9295221089458936,0.5925925925925926,2.821607138813267,3.806204448739175,-1.4825125624954918,-1.3068137585174462,0.4869160261699518,0.605,0.6053946053946054,0.3956043956043956,0.6053946053946054,0.7912087912087912,1.479369490231164,1.9000178264303216,estimable:within_caliper,0.6558441558441559,FALSE,not_selective_after_two_sided_matching,lung,FALSE,not_selective_after_matching,0.8816326530612245,two_sided_empirical_P_with_BH_across_estimable_cells
LUSC,CYP3A7,ENSG00000160870,-2.6581924619032,1.8028016872884673e-13,1.68354,0.9920989699539168,0.05555555555555555,3.053654166087647,-1.7202498289374948,914,1.0696222831956137,0.9693641580476374,0.12962962962962962,2.1080063310615857,0.3575260899851612,-1.1261226835076337,-0.8149312777987505,-1.5320697783955666,0.2275711159737418,0.2284153005464481,0.7726775956284153,0.2284153005464481,0.4568306010928962,1.560112634513038,1.9992901870888051,estimable:within_caliper,0.35844155844155845,FALSE,not_selective_after_two_sided_matching,lung,FALSE,not_selective_after_matching,0.7168831168831169,two_sided_empirical_P_with_BH_across_estimable_cells
LUSC,CYP3A43,,,,,,,,,,,,,,,,,,,,,,,,,target_not_estimable,,FALSE,not_estimable,lung,FALSE,not_estimable,,two_sided_empirical_P_with_BH_across_estimable_cells
PRAD,MAOB,ENSG00000069535,-1.3230157448894475,8.008712284692468e-10,58.8878,0.7595819301901545,0.9444444444444444,0.10785147797031765,6.933407854614689,1000,5.5495798369462435,0.7245116982182027,1,0.1970336078970112,6.440766166619666,0.01872543441667644,-0.04023969193548175,-1.3417411793061242,0.011,0.01198801198801198,0.989010989010989,0.01198801198801198,0.02397602397602397,0.7537684520022008,0.9188007513061182,estimable:within_caliper,0.08623548922056384,FALSE,not_selective_after_two_sided_matching,prostate,FALSE,not_selective_after_matching,0.1724709784411277,two_sided_empirical_P_with_BH_across_estimable_cells
PRAD,CYP3A4,,,,,,,,,,,,,,,,,,,,,,,,,target_not_estimable,,FALSE,not_estimable,prostate,FALSE,not_estimable,,two_sided_empirical_P_with_BH_across_estimable_cells
PRAD,CYP3A5,ENSG00000106258,-1.4360464349641855,1.8028016872884673e-13,42.5218,0.9437232781882396,0.5370370370370371,4.692641430605946,4.676410977894947,200,4.2822932282486175,0.9154879003421056,0.48148148148148145,4.12967091530979,4.812928972361158,-0.1371189401848278,-0.1790105735789361,-1.2989274947793576,0.135,0.13930348258706468,0.8656716417910447,0.13930348258706468,0.27860696517412936,1.5853964438205086,2.000392736386983,estimable:caliper_relaxed_to_minimum,0.26,FALSE,not_selective_after_two_sided_matching,prostate,FALSE,not_selective_after_matching,0.52,two_sided_empirical_P_with_BH_across_estimable_cells
PRAD,CYP3A7,,,,,,,,,,,,,,,,,,,,,,,,,target_not_estimable,,FALSE,not_estimable,prostate,FALSE,not_estimable,,two_sided_empirical_P_with_BH_across_estimable_cells
PRAD,CYP3A43,ENSG00000021461,-0.7124778756562306,0.0144080187540488,0.655112,0.9588837795202964,0.05555555555555555,1.8687335368568048,-2.319085152527923,1000,0.5839318645009983,0.9648326930461342,0.12962962962962962,0.9462389819250202,-1.0706389721919924,-0.1422443665211953,-0.13974418175533646,-0.5702335091350352,0.277,0.2777222777222777,0.7232767232767233,0.2777222777222777,0.5554445554445554,1.3795443224470705,1.7602084035885952,estimable:within_caliper,0.4011544011544011,FALSE,not_selective_after_two_sided_matching,prostate,FALSE,not_selective_after_matching,0.7264348554671135,two_sided_empirical_P_with_BH_across_estimable_cells
STAD,MAOB,ENSG00000069535,-1.9133117519938712,1.676136036126273e-7,20.341,0.7595819301901545,0.9444444444444444,-1.4210993491669603,5.975718183231056,1000,4.105317588256893,0.7398852247505247,1,-0.7077584518555672,5.525200367151166,-0.04212211664591457,-0.09391002836171504,-1.871189635347957,0.016,0.01698301698301698,0.984015984015984,0.01698301698301698,0.03396603396603397,0.967460442407075,1.1146112609669276,estimable:within_caliper,0.08623548922056384,FALSE,not_selective_after_two_sided_matching,stomach,FALSE,not_selective_after_matching,0.1724709784411277,two_sided_empirical_P_with_BH_across_estimable_cells
STAD,CYP3A4,ENSG00000160868,-2.4340114440665364,0.00999717957933716,0.137481,0.9964085738630708,0.12962962962962962,-0.03838302006513734,1.5348214423179378,1000,0.3623935783605212,0.9608516172654732,0.16666666666666666,0.01786381977126621,0.11157904307864051,0.1758267868230169,0.0709566398484818,-2.609838230889553,0.072,0.07292707292707293,0.928071928071928,0.07292707292707293,0.14585414585414586,1.011895081555557,1.303103562556128,estimable:within_caliper,0.1896103896103896,FALSE,not_selective_after_two_sided_matching,stomach,FALSE,not_selective_after_matching,0.37922077922077924,two_sided_empirical_P_with_BH_across_estimable_cells
STAD,CYP3A5,ENSG00000106258,-0.22373042944017868,0.6459711445508095,45.2894,0.9437232781882396,0.5370370370370371,4.7834053259272435,5.6673362178172715,200,4.385107135793914,0.9212121376956453,0.5,4.245533091611787,4.4862484119941435,0.25596583097925996,-0.03593039325757267,-0.47969626041943864,0.36,0.36318407960199006,0.6417910447761194,0.36318407960199006,0.7263681592039801,1.7370117541767012,2.1727648830625506,estimable:caliper_relaxed_to_minimum,0.45690900337024554,FALSE,not_selective_after_two_sided_matching,stomach,FALSE,not_selective_after_matching,0.8331870061457418,two_sided_empirical_P_with_BH_across_estimable_cells
STAD,CYP3A7,,,,,,,,,,,,,,,,,,,,,,,,,target_not_estimable,,FALSE,not_estimable,stomach,FALSE,not_estimable,,two_sided_empirical_P_with_BH_across_estimable_cells
STAD,CYP3A43,,,,,,,,,,,,,,,,,,,,,,,,,target_not_estimable,,FALSE,not_estimable,stomach,FALSE,not_estimable,,two_sided_empirical_P_with_BH_across_estimable_cells
THCA,MAOB,ENSG00000069535,-1.5046117850422522,8.815817469786312e-9,10.0494,0.7595819301901545,0.9444444444444444,-2.431170683240933,3.454659760186185,260,2.694746125277217,0.8181147665406441,0.9629629629629628,-0.949937318951457,2.62110150318275,0.2970914328348425,0.38875437138990176,-1.8017032178770949,0.01538461538461538,0.01915708812260536,0.9846743295019156,0.01915708812260536,0.03831417624521072,1.778875069242909,1.999914955870247,estimable:within_caliper,0.08623548922056384,FALSE,not_selective_after_two_sided_matching,thyroid,FALSE,not_selective_after_matching,0.1724709784411277,two_sided_empirical_P_with_BH_across_estimable_cells
THCA,CYP3A4,,,,,,,,,,,,,,,,,,,,,,,,,target_not_estimable,,FALSE,not_estimable,thyroid,FALSE,not_estimable,,two_sided_empirical_P_with_BH_across_estimable_cells
THCA,CYP3A5,ENSG00000106258,-0.23007884364699577,6.399766972257916e-6,0.624359,0.9437232781882396,0.5370370370370371,-1.1861013918332202,2.4175892682076956,1000,1.1610810860332603,0.9064020796397304,0.6296296296296297,-0.33179347423931593,0.5979213990892931,0.17080847889248696,0.29153981952327557,-0.4008873225394827,0.357,0.35764235764235763,0.6433566433566433,0.35764235764235763,0.7152847152847153,1.568687419158372,1.8649754931860891,estimable:within_caliper,0.45690900337024554,FALSE,not_selective_after_two_sided_matching,thyroid,FALSE,not_selective_after_matching,0.8331870061457418,two_sided_empirical_P_with_BH_across_estimable_cells
THCA,CYP3A7,,,,,,,,,,,,,,,,,,,,,,,,,target_not_estimable,,FALSE,not_estimable,thyroid,FALSE,not_estimable,,two_sided_empirical_P_with_BH_across_estimable_cells
THCA,CYP3A43,,,,,,,,,,,,,,,,,,,,,,,,,target_not_estimable,,FALSE,not_estimable,thyroid,FALSE,not_estimable,,two_sided_empirical_P_with_BH_across_estimable_cells
