tcga_code,gene,round2B_logFC,round2B_q,round2B_robust,round2B_interpretation,stage1_shift,stage1_robust,stage1_interpretation,finite_overlap,direction_concordant,robust_call_agreement,round2B_n_pairs,stage1_n_pairs,stage1_mean_shift,stage1_p_value,stage1_q_value_bh70,stage1_passes_statistical_screen,stage1_passes_effect_screen,round2B_analysis_status,stage1_status,xena_patient_cases,round2B_patient_cases,n_common_patient_cases,n_xena_only_cases,n_round2B_only_cases,exact_patient_set_match,patient_set_relation,status
BLCA,MAOB,-3.6551076823365953,2.408726965367572e-6,TRUE,loss,-2.618626934219926,TRUE,loss,TRUE,TRUE,TRUE,19,19,-2.9004794862930487,3.6883610537867024e-4,8.068289805158411e-4,TRUE,TRUE,primary_count_level,estimable_xena,19,19,19,0,0,TRUE,exact_match,overlap_estimable
BLCA,CYP3A4,,,FALSE,not_estimable_primary,0,FALSE,not_robust,FALSE,,,19,19,-8.114781908355732e-4,0.34565946134317316,0.4119057891435222,FALSE,FALSE,low_expression_not_estimable,estimable_xena,19,19,19,0,0,TRUE,exact_match,count_level_not_estimable:low_expression_not_estimable
BLCA,CYP3A5,-1.2830907099126685,0.0055544870091684,TRUE,loss,-0.8949764883965967,FALSE,not_robust,TRUE,TRUE,FALSE,19,19,-0.8554847908630173,0.05096838983369197,0.08494731638948662,FALSE,TRUE,primary_count_level,estimable_xena,19,19,19,0,0,TRUE,exact_match,overlap_estimable
BLCA,CYP3A7,,,FALSE,not_estimable_primary,0,FALSE,not_robust,FALSE,,,19,19,0.19168033293487635,0.5135916823370115,0.5706574248189017,FALSE,FALSE,low_expression_not_estimable,estimable_xena,19,19,19,0,0,TRUE,exact_match,count_level_not_estimable:low_expression_not_estimable
BLCA,CYP3A43,,,FALSE,not_estimable_primary,0.028034508458644358,FALSE,not_robust,FALSE,,,19,19,0.04523449102659955,0.2753766293246829,0.3442207866558536,FALSE,FALSE,low_expression_not_estimable,estimable_xena,19,19,19,0,0,TRUE,exact_match,count_level_not_estimable:low_expression_not_estimable
BRCA,MAOB,-2.1583680889801524,1.8261830203645057e-15,TRUE,loss,-2.1914160440858588,TRUE,loss,TRUE,TRUE,TRUE,113,112,-2.194997900879056,9.19655210253018e-15,3.218793235885563e-13,TRUE,TRUE,primary_count_level,estimable_xena,112,113,112,0,1,FALSE,source_specific_mismatch_recorded,overlap_estimable
BRCA,CYP3A4,-2.1904094810539343,1.281799192095636e-17,TRUE,loss,-0.15405511969818977,FALSE,not_robust,TRUE,TRUE,FALSE,113,112,-0.20866484692381387,5.204288936901258e-17,3.64300225583088e-15,TRUE,FALSE,primary_count_level,estimable_xena,112,113,112,0,1,FALSE,source_specific_mismatch_recorded,overlap_estimable
BRCA,CYP3A5,-0.2904503092437013,1.9223618166368217e-5,FALSE,not_robust,-0.4597542378739624,FALSE,not_robust,TRUE,TRUE,TRUE,113,112,-0.5622139279834506,1.406465986208979e-13,3.281753967820951e-12,TRUE,FALSE,primary_count_level,estimable_xena,112,113,112,0,1,FALSE,source_specific_mismatch_recorded,overlap_estimable
BRCA,CYP3A7,,,FALSE,not_estimable_primary,-0.10403784468359492,FALSE,not_robust,FALSE,,,113,112,-0.10377554671305145,1.617596889049737e-7,7.076986389592599e-7,TRUE,FALSE,low_expression_not_estimable,estimable_xena,112,113,112,0,1,FALSE,source_specific_mismatch_recorded,count_level_not_estimable:low_expression_not_estimable
BRCA,CYP3A43,,,FALSE,not_estimable_primary,-0.04780759911843058,FALSE,not_robust,FALSE,,,113,112,-0.05018872035381472,3.795107147396409e-7,1.47587500176527e-6,TRUE,FALSE,low_expression_not_estimable,estimable_xena,112,113,112,0,1,FALSE,source_specific_mismatch_recorded,count_level_not_estimable:low_expression_not_estimable
COAD,MAOB,-2.70789628870493,2.2821321043337606e-11,TRUE,loss,-2.0439121182506983,TRUE,loss,TRUE,TRUE,TRUE,41,26,-2.070091786687717,1.9824331845228365e-5,5.782096788191606e-5,TRUE,TRUE,primary_count_level,estimable_xena,26,41,26,0,15,FALSE,source_specific_mismatch_recorded,overlap_estimable
COAD,CYP3A4,-2.9215306840079713,2.02226403759278e-6,TRUE,loss,-0.8978929767371736,TRUE,loss,TRUE,TRUE,TRUE,41,26,-0.926469478950105,0.0011502368896728196,0.002368134772855805,TRUE,TRUE,primary_count_level,estimable_xena,26,41,26,0,15,FALSE,source_specific_mismatch_recorded,overlap_estimable
COAD,CYP3A5,-0.19820252968770224,0.3108965890552016,FALSE,not_robust,0.16443238776388247,FALSE,not_robust,TRUE,FALSE,TRUE,41,26,-0.007257361065063079,0.6659117740735532,0.7062700634113442,FALSE,FALSE,primary_count_level,estimable_xena,26,41,26,0,15,FALSE,source_specific_mismatch_recorded,overlap_estimable
COAD,CYP3A7,,,FALSE,not_estimable_primary,0.06424277569127561,FALSE,not_robust,FALSE,,,41,26,0.15578021116939336,0.048663380757161034,0.08308382080490909,FALSE,FALSE,low_expression_not_estimable,estimable_xena,26,41,26,0,15,FALSE,source_specific_mismatch_recorded,count_level_not_estimable:low_expression_not_estimable
COAD,CYP3A43,,,FALSE,not_estimable_primary,0,FALSE,not_robust,FALSE,,,41,26,0.02163415811535988,0.16885513696054555,0.23176195269094488,FALSE,FALSE,low_expression_not_estimable,estimable_xena,26,41,26,0,15,FALSE,source_specific_mismatch_recorded,count_level_not_estimable:low_expression_not_estimable
ESCA,MAOB,-1.447021388863092,0.01533395595629661,TRUE,loss,-0.5220794808498064,FALSE,not_robust,TRUE,TRUE,FALSE,13,13,-0.6467660557830877,0.18423511318051125,0.24332939476671295,FALSE,FALSE,primary_count_level,estimable_xena,13,13,13,0,0,TRUE,exact_match,overlap_estimable
ESCA,CYP3A4,-0.41440373079989606,0.5029313538733636,FALSE,not_robust,0.04845358152780685,FALSE,not_robust,TRUE,FALSE,TRUE,13,13,0.0020074323784553707,0.09349248368983565,0.14313662065248703,FALSE,FALSE,primary_count_level,estimable_xena,13,13,13,0,0,TRUE,exact_match,overlap_estimable
ESCA,CYP3A5,-0.39199569808975593,0.38100015054232966,FALSE,not_robust,0.884589453901242,FALSE,not_robust,TRUE,FALSE,TRUE,13,13,0.44954581847136255,0.3278769331446614,0.40265588280923326,FALSE,TRUE,primary_count_level,estimable_xena,13,13,13,0,0,TRUE,exact_match,overlap_estimable
ESCA,CYP3A7,,,FALSE,not_estimable_primary,0.07528720778380263,FALSE,not_robust,FALSE,,,13,13,0.09152712581791558,0.5293681061847979,0.5789963661396227,FALSE,FALSE,low_expression_not_estimable,estimable_xena,13,13,13,0,0,TRUE,exact_match,count_level_not_estimable:low_expression_not_estimable
ESCA,CYP3A43,,,FALSE,not_estimable_primary,0,FALSE,not_robust,FALSE,,,13,13,-0.008255327407903678,0.9188126832746419,0.9188126832746419,FALSE,FALSE,low_expression_not_estimable,estimable_xena,13,13,13,0,0,TRUE,exact_match,count_level_not_estimable:low_expression_not_estimable
HNSC,MAOB,-2.195766243935843,5.389883586837028e-7,TRUE,loss,-1.985841023083316,TRUE,loss,TRUE,TRUE,TRUE,43,43,-1.4521702213430774,6.258484921905017e-5,1.7523757781334046e-4,TRUE,TRUE,primary_count_level,estimable_xena,43,43,43,0,0,TRUE,exact_match,overlap_estimable
HNSC,CYP3A4,,,FALSE,not_estimable_primary,-0.1873245684590969,FALSE,not_robust,FALSE,,,43,43,-0.4599665045544486,5.019500399268598e-6,1.5971137634036448e-5,TRUE,FALSE,low_expression_not_estimable,estimable_xena,43,43,43,0,0,TRUE,exact_match,count_level_not_estimable:low_expression_not_estimable
HNSC,CYP3A5,-2.3227847652088953,1.1782339585963816e-11,TRUE,loss,-1.7550436864333387,TRUE,loss,TRUE,TRUE,TRUE,43,43,-1.830712966434136,1.9019878228480077e-6,6.656957379968027e-6,TRUE,TRUE,primary_count_level,estimable_xena,43,43,43,0,0,TRUE,exact_match,overlap_estimable
HNSC,CYP3A7,,,FALSE,not_estimable_primary,0,FALSE,not_robust,FALSE,,,43,43,-0.010075329495007144,0.24348088542272384,0.30988476326528486,FALSE,FALSE,low_expression_not_estimable,estimable_xena,43,43,43,0,0,TRUE,exact_match,count_level_not_estimable:low_expression_not_estimable
HNSC,CYP3A43,,,FALSE,not_estimable_primary,0,FALSE,not_robust,FALSE,,,43,43,-0.002262637968517078,0.7083965248191288,0.7401157721990897,FALSE,FALSE,low_expression_not_estimable,estimable_xena,43,43,43,0,0,TRUE,exact_match,count_level_not_estimable:low_expression_not_estimable
KICH,MAOB,-4.277630302455459,1.0040206866003845e-6,TRUE,loss,-4.87163157999496,TRUE,loss,TRUE,TRUE,TRUE,25,25,-4.228449855175273,1.8841157194807015e-5,5.7342652332021355e-5,TRUE,TRUE,primary_count_level,estimable_xena,25,25,25,0,0,TRUE,exact_match,overlap_estimable
KICH,CYP3A4,1.782107097062945,0.03165345117844219,TRUE,gain,0.011970986981916454,FALSE,not_robust,TRUE,TRUE,FALSE,25,25,0.43975600184813995,0.9142910652076612,0.9188126832746419,FALSE,FALSE,primary_count_level,estimable_xena,25,25,25,0,0,TRUE,exact_match,overlap_estimable
KICH,CYP3A5,-0.09704918525757156,0.7167078712338939,FALSE,not_robust,-0.9761998097289117,TRUE,loss,TRUE,TRUE,FALSE,25,25,-0.9560681024954507,0.002362005714419646,0.004592788889149312,TRUE,TRUE,primary_count_level,estimable_xena,25,25,25,0,0,TRUE,exact_match,overlap_estimable
KICH,CYP3A7,2.490823303182836,9.44379842296582e-5,TRUE,gain,0.6915147661179297,TRUE,gain,TRUE,TRUE,TRUE,25,25,1.2105276490774095,0.01434408942716936,0.026423322628996188,TRUE,TRUE,primary_count_level,estimable_xena,25,25,25,0,0,TRUE,exact_match,overlap_estimable
KICH,CYP3A43,,,FALSE,not_estimable_primary,0,FALSE,not_robust,FALSE,,,25,25,0.15487337967620357,0.3530621049801619,0.4119057891435222,FALSE,FALSE,low_expression_not_estimable,estimable_xena,25,25,25,0,0,TRUE,exact_match,count_level_not_estimable:low_expression_not_estimable
KIRC,MAOB,0.8048316374358927,1.7794322974568085e-6,TRUE,gain,0.8904558367089663,TRUE,gain,TRUE,TRUE,TRUE,72,72,0.7769345045811028,2.1656130222424963e-9,1.8949113944621843e-8,TRUE,TRUE,primary_count_level,estimable_xena,72,72,72,0,0,TRUE,exact_match,overlap_estimable
KIRC,CYP3A4,-1.926103995861374,3.098689807283343e-9,TRUE,loss,-0.3168663346588695,FALSE,not_robust,TRUE,TRUE,FALSE,72,72,-0.6867135618652613,6.825220686712593e-8,3.185102987132544e-7,TRUE,FALSE,primary_count_level,estimable_xena,72,72,72,0,0,TRUE,exact_match,overlap_estimable
KIRC,CYP3A5,1.4618337550315277,1.163952578095383e-11,TRUE,gain,1.8264057498773545,TRUE,gain,TRUE,TRUE,TRUE,72,72,1.8321766033563713,7.678968572122358e-11,1.07505560009713e-9,TRUE,TRUE,primary_count_level,estimable_xena,72,72,72,0,0,TRUE,exact_match,overlap_estimable
KIRC,CYP3A7,-0.4792482413452199,0.04503717482316122,FALSE,not_robust,-0.2262900164191486,FALSE,not_robust,TRUE,TRUE,TRUE,72,72,-0.29928459093657606,0.03812384275512393,0.06671672482146687,FALSE,FALSE,primary_count_level,estimable_xena,72,72,72,0,0,TRUE,exact_match,overlap_estimable
KIRC,CYP3A43,,,FALSE,not_estimable_primary,0,FALSE,not_robust,FALSE,,,72,72,0.029041060661689492,0.09406120785734862,0.14313662065248703,FALSE,FALSE,low_expression_not_estimable,estimable_xena,72,72,72,0,0,TRUE,exact_match,count_level_not_estimable:low_expression_not_estimable
KIRP,MAOB,-0.8481437556344779,0.01271471991675457,TRUE,loss,-0.6541112444904851,TRUE,loss,TRUE,TRUE,TRUE,32,32,-1.0211799191397604,9.032043337231513e-4,0.0019158879806248663,TRUE,TRUE,primary_count_level,estimable_xena,32,32,32,0,0,TRUE,exact_match,overlap_estimable
KIRP,CYP3A4,-1.834353719537459,2.5847542651817883e-4,TRUE,loss,-0.5609099259065574,FALSE,not_robust,TRUE,TRUE,FALSE,32,32,-0.7896250875795582,2.778091280057048e-4,6.705737572551495e-4,TRUE,FALSE,primary_count_level,estimable_xena,32,32,32,0,0,TRUE,exact_match,overlap_estimable
KIRP,CYP3A5,1.755226087498147,9.882984488943753e-6,TRUE,gain,2.052757672461804,TRUE,gain,TRUE,TRUE,TRUE,32,32,1.8353468511808306,1.3133951863575355e-4,3.4050986312973144e-4,TRUE,TRUE,primary_count_level,estimable_xena,32,32,32,0,0,TRUE,exact_match,overlap_estimable
KIRP,CYP3A7,-1.7743696974805263,3.241764421126165e-4,TRUE,loss,-1.1068850069354217,TRUE,loss,TRUE,TRUE,TRUE,32,32,-1.0206830113786796,2.0437587313645262e-4,5.109396828411316e-4,TRUE,TRUE,primary_count_level,estimable_xena,32,32,32,0,0,TRUE,exact_match,overlap_estimable
KIRP,CYP3A43,,,FALSE,not_estimable_primary,-0.013887412981351155,FALSE,not_robust,FALSE,,,32,32,-0.02903472826432208,0.15979701440294491,0.22828144914706416,FALSE,FALSE,low_expression_not_estimable,estimable_xena,32,32,32,0,0,TRUE,exact_match,count_level_not_estimable:low_expression_not_estimable
LIHC,MAOB,-0.914125081691664,6.406453379619561e-9,TRUE,loss,-0.09213998268375345,FALSE,not_robust,TRUE,TRUE,FALSE,50,50,-0.2374523183090319,0.06286514200950191,0.10233860327128218,FALSE,FALSE,primary_count_level,estimable_xena,50,50,50,0,0,TRUE,exact_match,overlap_estimable
LIHC,CYP3A4,-7.284966075661003,2.2898221294465483e-16,TRUE,loss,-5.301753122166039,TRUE,loss,TRUE,TRUE,TRUE,50,50,-4.932155353844504,1.9294792751825317e-8,1.1255295771898101e-7,TRUE,TRUE,primary_count_level,estimable_xena,50,50,50,0,0,TRUE,exact_match,overlap_estimable
LIHC,CYP3A5,-1.055955835712751,1.1848467202349453e-6,TRUE,loss,-0.04433677117576007,FALSE,not_robust,TRUE,TRUE,FALSE,50,50,-0.24630576501311358,0.34908373173011176,0.4119057891435222,FALSE,FALSE,primary_count_level,estimable_xena,50,50,50,0,0,TRUE,exact_match,overlap_estimable
LIHC,CYP3A7,-1.8042319330231504,7.686860413633159e-5,TRUE,loss,-1.5145018077963759,TRUE,loss,TRUE,TRUE,TRUE,50,50,-1.4768902077553685,3.6795649825015724e-4,8.068289805158411e-4,TRUE,TRUE,primary_count_level,estimable_xena,50,50,50,0,0,TRUE,exact_match,overlap_estimable
LIHC,CYP3A43,-2.8537130033334575,2.8030757628131783e-11,TRUE,loss,-1.5015379743905664,TRUE,loss,TRUE,TRUE,TRUE,50,50,-1.3688098186736615,3.178141703965994e-8,1.5890708519829968e-7,TRUE,TRUE,primary_count_level,estimable_xena,50,50,50,0,0,TRUE,exact_match,overlap_estimable
LUAD,MAOB,-1.5021946041796652,5.4901064679441514e-14,TRUE,loss,-1.5738246828989684,TRUE,loss,TRUE,TRUE,TRUE,58,58,-1.5810982076962992,2.2830372871200963e-10,2.663543501640112e-9,TRUE,TRUE,primary_count_level,estimable_xena,58,58,58,0,0,TRUE,exact_match,overlap_estimable
LUAD,CYP3A4,,,FALSE,not_estimable_primary,0,FALSE,not_robust,FALSE,,,58,58,0.019645037606574812,0.7961854570679834,0.8196026763935123,FALSE,FALSE,low_expression_not_estimable,estimable_xena,58,58,58,0,0,TRUE,exact_match,count_level_not_estimable:low_expression_not_estimable
LUAD,CYP3A5,-0.3332621167777662,0.11445187745725556,FALSE,not_robust,-1.014187118971747,TRUE,loss,TRUE,TRUE,FALSE,58,58,-0.7890019309847431,3.1798251675236536e-4,7.419592057555192e-4,TRUE,TRUE,primary_count_level,estimable_xena,58,58,58,0,0,TRUE,exact_match,overlap_estimable
LUAD,CYP3A7,,,FALSE,not_estimable_primary,-0.9276512715173482,TRUE,loss,FALSE,,,58,58,-1.0177467122442405,5.461881984269225e-11,9.558293472471144e-10,TRUE,TRUE,low_expression_not_estimable,estimable_xena,58,58,58,0,0,TRUE,exact_match,count_level_not_estimable:low_expression_not_estimable
LUAD,CYP3A43,,,FALSE,not_estimable_primary,0,FALSE,not_robust,FALSE,,,58,58,-0.0164956095368851,0.1272746504932012,0.18560886530258505,FALSE,FALSE,low_expression_not_estimable,estimable_xena,58,58,58,0,0,TRUE,exact_match,count_level_not_estimable:low_expression_not_estimable
LUSC,MAOB,-2.240749604167458,1.062361085868258e-16,TRUE,loss,-2.0351974785313605,TRUE,loss,TRUE,TRUE,TRUE,51,50,-2.094028950023701,1.054912818376731e-9,1.054912818376731e-8,TRUE,TRUE,primary_count_level,estimable_xena,50,51,50,0,1,FALSE,source_specific_mismatch_recorded,overlap_estimable
LUSC,CYP3A4,,,FALSE,not_estimable_primary,0,FALSE,not_robust,FALSE,,,51,50,0.1349223267590111,0.16550421995323794,0.2317059079345331,FALSE,FALSE,low_expression_not_estimable,estimable_xena,50,51,50,0,1,FALSE,source_specific_mismatch_recorded,count_level_not_estimable:low_expression_not_estimable
LUSC,CYP3A5,-0.99559653632554,7.159071968447066e-9,TRUE,loss,-1.3404449445300364,TRUE,loss,TRUE,TRUE,TRUE,51,50,-1.3057740178350208,2.8463342278143777e-8,1.532641507284665e-7,TRUE,TRUE,primary_count_level,estimable_xena,50,51,50,0,1,FALSE,source_specific_mismatch_recorded,overlap_estimable
LUSC,CYP3A7,-2.6581924619032,1.8028016872884673e-13,TRUE,loss,-0.795026031694703,TRUE,loss,TRUE,TRUE,TRUE,51,50,-0.8978404049076445,4.130492865814619e-9,3.212605562300259e-8,TRUE,TRUE,primary_count_level,estimable_xena,50,51,50,0,1,FALSE,source_specific_mismatch_recorded,overlap_estimable
LUSC,CYP3A43,,,FALSE,not_estimable_primary,-0.006706560435292219,FALSE,not_robust,FALSE,,,51,50,0.0018872550079696306,0.43363436278906686,0.4976132032005685,FALSE,FALSE,low_expression_not_estimable,estimable_xena,50,51,50,0,1,FALSE,source_specific_mismatch_recorded,count_level_not_estimable:low_expression_not_estimable
PRAD,MAOB,-1.3230157448894475,8.008712284692468e-10,TRUE,loss,-1.3120299175604815,TRUE,loss,TRUE,TRUE,TRUE,52,52,-1.3133911125175808,3.0128620129819123e-7,1.2405902406396109e-6,TRUE,TRUE,primary_count_level,estimable_xena,52,52,52,0,0,TRUE,exact_match,overlap_estimable
PRAD,CYP3A4,,,FALSE,not_estimable_primary,-0.014359134358551033,FALSE,not_robust,FALSE,,,52,52,-0.023630664335972034,0.014005929431772032,0.026423322628996188,TRUE,FALSE,low_expression_not_estimable,estimable_xena,52,52,52,0,0,TRUE,exact_match,count_level_not_estimable:low_expression_not_estimable
PRAD,CYP3A5,-1.4360464349641855,1.8028016872884673e-13,TRUE,loss,-1.7064168426499187,TRUE,loss,TRUE,TRUE,TRUE,52,52,-1.803353169612777,6.411317473013741e-9,4.079929301008744e-8,TRUE,TRUE,primary_count_level,estimable_xena,52,52,52,0,0,TRUE,exact_match,overlap_estimable
PRAD,CYP3A7,,,FALSE,not_estimable_primary,-0.35345430844786896,FALSE,not_robust,FALSE,,,52,52,-0.5097963854497094,4.92124311953285e-7,1.8130895703542077e-6,TRUE,FALSE,low_expression_not_estimable,estimable_xena,52,52,52,0,0,TRUE,exact_match,count_level_not_estimable:low_expression_not_estimable
PRAD,CYP3A43,-0.7124778756562306,0.0144080187540488,TRUE,loss,-0.1545413783444149,FALSE,not_robust,TRUE,TRUE,FALSE,52,52,-0.13923133421064926,0.0017047062708060374,0.0034094125416120748,TRUE,FALSE,primary_count_level,estimable_xena,52,52,52,0,0,TRUE,exact_match,overlap_estimable
STAD,MAOB,-1.9133117519938712,1.676136036126273e-7,TRUE,loss,-1.4572869908263906,TRUE,loss,TRUE,TRUE,TRUE,33,33,-1.4043308383094966,7.854714012275442e-5,2.1147306956126192e-4,TRUE,TRUE,primary_count_level,estimable_xena,33,33,32,1,1,FALSE,source_specific_mismatch_recorded,overlap_estimable
STAD,CYP3A4,-2.4340114440665364,0.00999717957933716,TRUE,loss,-0.22035768034620123,FALSE,not_robust,TRUE,TRUE,FALSE,33,33,-0.8471654058175836,0.1812310599712979,0.24332939476671295,FALSE,FALSE,primary_count_level,estimable_xena,33,33,32,1,1,FALSE,source_specific_mismatch_recorded,overlap_estimable
STAD,CYP3A5,-0.22373042944017868,0.6459711445508095,FALSE,not_robust,0.5645871258861854,FALSE,not_robust,TRUE,FALSE,TRUE,33,33,0.51323614728594,0.46381402604052613,0.5236609971425296,FALSE,FALSE,primary_count_level,estimable_xena,33,33,32,1,1,FALSE,source_specific_mismatch_recorded,overlap_estimable
STAD,CYP3A7,,,FALSE,not_estimable_primary,0.028034508458644358,FALSE,not_robust,FALSE,,,33,33,0.11627625294023897,0.24183485754358958,0.30988476326528486,FALSE,FALSE,low_expression_not_estimable,estimable_xena,33,33,32,1,1,FALSE,source_specific_mismatch_recorded,count_level_not_estimable:low_expression_not_estimable
STAD,CYP3A43,,,FALSE,not_estimable_primary,0,FALSE,not_robust,FALSE,,,33,33,-0.007388554623299168,0.6568032044407393,0.7062700634113442,FALSE,FALSE,low_expression_not_estimable,estimable_xena,33,33,32,1,1,FALSE,source_specific_mismatch_recorded,count_level_not_estimable:low_expression_not_estimable
THCA,MAOB,-1.5046117850422522,8.815817469786312e-9,TRUE,loss,-1.5821370201197833,TRUE,loss,TRUE,TRUE,TRUE,59,59,-1.3617488111273446,5.770947040387425e-9,4.0396629282711975e-8,TRUE,TRUE,primary_count_level,estimable_xena,59,59,59,0,0,TRUE,exact_match,overlap_estimable
THCA,CYP3A4,,,FALSE,not_estimable_primary,0,FALSE,not_robust,FALSE,,,59,59,-0.00599565355955874,0.10701659969824989,0.15938642508249984,FALSE,FALSE,low_expression_not_estimable,estimable_xena,59,59,59,0,0,TRUE,exact_match,count_level_not_estimable:low_expression_not_estimable
THCA,CYP3A5,-0.23007884364699577,6.399766972257916e-6,FALSE,not_robust,-0.15876405393346726,FALSE,not_robust,TRUE,TRUE,TRUE,59,59,-0.16846745891171644,3.9294989262506175e-6,1.3098329754168726e-5,TRUE,FALSE,primary_count_level,estimable_xena,59,59,59,0,0,TRUE,exact_match,overlap_estimable
THCA,CYP3A7,,,FALSE,not_estimable_primary,-0.014359134358551033,FALSE,not_robust,FALSE,,,59,59,-0.026421990441126482,0.07603580885875623,0.12096605954802127,FALSE,FALSE,low_expression_not_estimable,estimable_xena,59,59,59,0,0,TRUE,exact_match,count_level_not_estimable:low_expression_not_estimable
THCA,CYP3A43,,,FALSE,not_estimable_primary,0,FALSE,not_robust,FALSE,,,59,59,-0.011905547694641798,0.033256646068294184,0.0596914160200152,FALSE,FALSE,low_expression_not_estimable,estimable_xena,59,59,59,0,0,TRUE,exact_match,count_level_not_estimable:low_expression_not_estimable
