target_gene,minimum_coverage_fraction,n_target_contexts_total,common_denominator_n,common_contexts,n_complete_background_profiles,selection_rank,selected_common_set,n_sets_tied_for_maximum,adequate_background_n,selection_rule
MAOB,0.5,9,5,breast;colon;kidney;lung;prostate,162,1,TRUE,1,TRUE,maximum complete profiles at fixed k; lexicographic tie-break; logFC not used
MAOB,0.5,9,5,breast;esophagus;kidney;lung;prostate,155,2,FALSE,1,TRUE,maximum complete profiles at fixed k; lexicographic tie-break; logFC not used
MAOB,0.5,9,5,breast;colon;lung;prostate;stomach,127,3,FALSE,1,TRUE,maximum complete profiles at fixed k; lexicographic tie-break; logFC not used
MAOB,0.5,9,5,breast;colon;esophagus;lung;prostate,126,4,FALSE,1,TRUE,maximum complete profiles at fixed k; lexicographic tie-break; logFC not used
MAOB,0.5,9,5,colon;esophagus;kidney;lung;prostate,120,5,FALSE,1,TRUE,maximum complete profiles at fixed k; lexicographic tie-break; logFC not used
MAOB,0.5,9,5,breast;colon;esophagus;kidney;prostate,117,6,FALSE,1,TRUE,maximum complete profiles at fixed k; lexicographic tie-break; logFC not used
MAOB,0.5,9,5,colon;kidney;lung;prostate;stomach,117,7,FALSE,1,TRUE,maximum complete profiles at fixed k; lexicographic tie-break; logFC not used
MAOB,0.5,9,5,breast;colon;esophagus;kidney;lung,109,8,FALSE,1,TRUE,maximum complete profiles at fixed k; lexicographic tie-break; logFC not used
MAOB,0.5,9,5,breast;kidney;lung;prostate;stomach,109,9,FALSE,1,TRUE,maximum complete profiles at fixed k; lexicographic tie-break; logFC not used
MAOB,0.5,9,5,breast;esophagus;lung;prostate;stomach,105,10,FALSE,1,TRUE,maximum complete profiles at fixed k; lexicographic tie-break; logFC not used
MAOB,0.5,9,5,breast;kidney;liver;lung;prostate,102,11,FALSE,1,TRUE,maximum complete profiles at fixed k; lexicographic tie-break; logFC not used
MAOB,0.5,9,5,colon;esophagus;lung;prostate;stomach,100,12,FALSE,1,TRUE,maximum complete profiles at fixed k; lexicographic tie-break; logFC not used
MAOB,0.5,9,5,breast;colon;kidney;prostate;stomach,99,13,FALSE,1,TRUE,maximum complete profiles at fixed k; lexicographic tie-break; logFC not used
MAOB,0.5,9,5,breast;colon;esophagus;prostate;stomach,92,14,FALSE,1,TRUE,maximum complete profiles at fixed k; lexicographic tie-break; logFC not used
MAOB,0.5,9,5,breast;colon;esophagus;lung;stomach,90,15,FALSE,1,TRUE,maximum complete profiles at fixed k; lexicographic tie-break; logFC not used
MAOB,0.5,9,5,breast;colon;kidney;lung;stomach,87,16,FALSE,1,TRUE,maximum complete profiles at fixed k; lexicographic tie-break; logFC not used
MAOB,0.5,9,5,breast;esophagus;kidney;prostate;stomach,83,17,FALSE,1,TRUE,maximum complete profiles at fixed k; lexicographic tie-break; logFC not used
MAOB,0.5,9,5,breast;esophagus;kidney;liver;prostate,81,18,FALSE,1,TRUE,maximum complete profiles at fixed k; lexicographic tie-break; logFC not used
MAOB,0.5,9,5,esophagus;kidney;lung;prostate;stomach,81,19,FALSE,1,TRUE,maximum complete profiles at fixed k; lexicographic tie-break; logFC not used
MAOB,0.5,9,5,colon;esophagus;kidney;prostate;stomach,79,20,FALSE,1,TRUE,maximum complete profiles at fixed k; lexicographic tie-break; logFC not used
MAOB,0.5,9,5,colon;esophagus;kidney;lung;stomach,73,21,FALSE,1,TRUE,maximum complete profiles at fixed k; lexicographic tie-break; logFC not used
MAOB,0.5,9,5,breast;esophagus;kidney;lung;stomach,68,22,FALSE,1,TRUE,maximum complete profiles at fixed k; lexicographic tie-break; logFC not used
MAOB,0.5,9,5,breast;colon;esophagus;kidney;stomach,65,23,FALSE,1,TRUE,maximum complete profiles at fixed k; lexicographic tie-break; logFC not used
MAOB,0.5,9,5,breast;esophagus;kidney;liver;lung,61,24,FALSE,1,TRUE,maximum complete profiles at fixed k; lexicographic tie-break; logFC not used
MAOB,0.5,9,5,esophagus;kidney;liver;lung;prostate,59,25,FALSE,1,TRUE,maximum complete profiles at fixed k; lexicographic tie-break; logFC not used
MAOB,0.5,9,5,breast;colon;kidney;liver;prostate,58,26,FALSE,1,TRUE,maximum complete profiles at fixed k; lexicographic tie-break; logFC not used
MAOB,0.5,9,5,breast;esophagus;liver;lung;prostate,58,27,FALSE,1,TRUE,maximum complete profiles at fixed k; lexicographic tie-break; logFC not used
MAOB,0.5,9,5,colon;kidney;liver;lung;prostate,57,28,FALSE,1,TRUE,maximum complete profiles at fixed k; lexicographic tie-break; logFC not used
MAOB,0.5,9,5,breast;colon;kidney;liver;lung,54,29,FALSE,1,TRUE,maximum complete profiles at fixed k; lexicographic tie-break; logFC not used
MAOB,0.5,9,5,breast;colon;liver;lung;prostate,50,30,FALSE,1,TRUE,maximum complete profiles at fixed k; lexicographic tie-break; logFC not used
MAOB,0.5,9,5,breast;colon;esophagus;kidney;liver,46,31,FALSE,1,TRUE,maximum complete profiles at fixed k; lexicographic tie-break; logFC not used
MAOB,0.5,9,5,breast;colon;esophagus;liver;prostate,42,32,FALSE,1,TRUE,maximum complete profiles at fixed k; lexicographic tie-break; logFC not used
MAOB,0.5,9,5,colon;esophagus;kidney;liver;prostate,41,33,FALSE,1,TRUE,maximum complete profiles at fixed k; lexicographic tie-break; logFC not used
MAOB,0.5,9,5,breast;colon;esophagus;liver;lung,40,34,FALSE,1,TRUE,maximum complete profiles at fixed k; lexicographic tie-break; logFC not used
MAOB,0.5,9,5,colon;esophagus;kidney;liver;lung,38,35,FALSE,1,TRUE,maximum complete profiles at fixed k; lexicographic tie-break; logFC not used
MAOB,0.5,9,5,colon;esophagus;liver;lung;prostate,35,36,FALSE,1,TRUE,maximum complete profiles at fixed k; lexicographic tie-break; logFC not used
MAOB,0.5,9,5,breast;kidney;liver;prostate;stomach,34,37,FALSE,1,TRUE,maximum complete profiles at fixed k; lexicographic tie-break; logFC not used
MAOB,0.5,9,5,kidney;liver;lung;prostate;stomach,29,38,FALSE,1,TRUE,maximum complete profiles at fixed k; lexicographic tie-break; logFC not used
MAOB,0.5,9,5,breast;liver;lung;prostate;stomach,27,39,FALSE,1,TRUE,maximum complete profiles at fixed k; lexicographic tie-break; logFC not used
MAOB,0.5,9,5,breast;kidney;liver;lung;stomach,25,40,FALSE,1,TRUE,maximum complete profiles at fixed k; lexicographic tie-break; logFC not used
MAOB,0.5,9,5,colon;kidney;liver;prostate;stomach,23,41,FALSE,1,TRUE,maximum complete profiles at fixed k; lexicographic tie-break; logFC not used
MAOB,0.5,9,5,esophagus;kidney;liver;prostate;stomach,21,42,FALSE,1,TRUE,maximum complete profiles at fixed k; lexicographic tie-break; logFC not used
MAOB,0.5,9,5,breast;colon;liver;prostate;stomach,19,43,FALSE,1,FALSE,maximum complete profiles at fixed k; lexicographic tie-break; logFC not used
MAOB,0.5,9,5,breast;esophagus;kidney;liver;stomach,19,44,FALSE,1,FALSE,maximum complete profiles at fixed k; lexicographic tie-break; logFC not used
MAOB,0.5,9,5,colon;kidney;liver;lung;stomach,19,45,FALSE,1,FALSE,maximum complete profiles at fixed k; lexicographic tie-break; logFC not used
MAOB,0.5,9,5,colon;liver;lung;prostate;stomach,19,46,FALSE,1,FALSE,maximum complete profiles at fixed k; lexicographic tie-break; logFC not used
MAOB,0.5,9,5,breast;colon;kidney;liver;stomach,18,47,FALSE,1,FALSE,maximum complete profiles at fixed k; lexicographic tie-break; logFC not used
MAOB,0.5,9,5,breast;esophagus;liver;prostate;stomach,18,48,FALSE,1,FALSE,maximum complete profiles at fixed k; lexicographic tie-break; logFC not used
MAOB,0.5,9,5,colon;esophagus;liver;prostate;stomach,17,49,FALSE,1,FALSE,maximum complete profiles at fixed k; lexicographic tie-break; logFC not used
MAOB,0.5,9,5,esophagus;liver;lung;prostate;stomach,17,50,FALSE,1,FALSE,maximum complete profiles at fixed k; lexicographic tie-break; logFC not used
MAOB,0.5,9,5,colon;esophagus;liver;lung;stomach,16,51,FALSE,1,FALSE,maximum complete profiles at fixed k; lexicographic tie-break; logFC not used
MAOB,0.5,9,5,colon;esophagus;kidney;liver;stomach,15,52,FALSE,1,FALSE,maximum complete profiles at fixed k; lexicographic tie-break; logFC not used
MAOB,0.5,9,5,esophagus;kidney;liver;lung;stomach,15,53,FALSE,1,FALSE,maximum complete profiles at fixed k; lexicographic tie-break; logFC not used
MAOB,0.5,9,5,breast;colon;liver;lung;stomach,14,54,FALSE,1,FALSE,maximum complete profiles at fixed k; lexicographic tie-break; logFC not used
MAOB,0.5,9,5,breast;esophagus;liver;lung;stomach,14,55,FALSE,1,FALSE,maximum complete profiles at fixed k; lexicographic tie-break; logFC not used
MAOB,0.5,9,5,breast;colon;esophagus;liver;stomach,13,56,FALSE,1,FALSE,maximum complete profiles at fixed k; lexicographic tie-break; logFC not used
MAOB,0.5,9,5,colon;esophagus;prostate;stomach;thyroid,7,57,FALSE,1,FALSE,maximum complete profiles at fixed k; lexicographic tie-break; logFC not used
MAOB,0.5,9,5,esophagus;lung;prostate;stomach;thyroid,5,58,FALSE,1,FALSE,maximum complete profiles at fixed k; lexicographic tie-break; logFC not used
MAOB,0.5,9,5,breast;esophagus;lung;prostate;thyroid,4,59,FALSE,1,FALSE,maximum complete profiles at fixed k; lexicographic tie-break; logFC not used
MAOB,0.5,9,5,breast;esophagus;prostate;stomach;thyroid,4,60,FALSE,1,FALSE,maximum complete profiles at fixed k; lexicographic tie-break; logFC not used
MAOB,0.5,9,5,colon;esophagus;liver;lung;thyroid,4,61,FALSE,1,FALSE,maximum complete profiles at fixed k; lexicographic tie-break; logFC not used
MAOB,0.5,9,5,colon;esophagus;lung;prostate;thyroid,4,62,FALSE,1,FALSE,maximum complete profiles at fixed k; lexicographic tie-break; logFC not used
MAOB,0.5,9,5,colon;esophagus;lung;stomach;thyroid,4,63,FALSE,1,FALSE,maximum complete profiles at fixed k; lexicographic tie-break; logFC not used
MAOB,0.5,9,5,breast;colon;esophagus;prostate;thyroid,3,64,FALSE,1,FALSE,maximum complete profiles at fixed k; lexicographic tie-break; logFC not used
MAOB,0.5,9,5,breast;colon;prostate;stomach;thyroid,3,65,FALSE,1,FALSE,maximum complete profiles at fixed k; lexicographic tie-break; logFC not used
MAOB,0.5,9,5,breast;esophagus;lung;stomach;thyroid,3,66,FALSE,1,FALSE,maximum complete profiles at fixed k; lexicographic tie-break; logFC not used
MAOB,0.5,9,5,breast;lung;prostate;stomach;thyroid,3,67,FALSE,1,FALSE,maximum complete profiles at fixed k; lexicographic tie-break; logFC not used
MAOB,0.5,9,5,colon;kidney;lung;stomach;thyroid,3,68,FALSE,1,FALSE,maximum complete profiles at fixed k; lexicographic tie-break; logFC not used
MAOB,0.5,9,5,breast;colon;esophagus;lung;thyroid,2,69,FALSE,1,FALSE,maximum complete profiles at fixed k; lexicographic tie-break; logFC not used
MAOB,0.5,9,5,breast;colon;esophagus;stomach;thyroid,2,70,FALSE,1,FALSE,maximum complete profiles at fixed k; lexicographic tie-break; logFC not used
MAOB,0.5,9,5,breast;colon;lung;prostate;thyroid,2,71,FALSE,1,FALSE,maximum complete profiles at fixed k; lexicographic tie-break; logFC not used
MAOB,0.5,9,5,breast;esophagus;kidney;stomach;thyroid,2,72,FALSE,1,FALSE,maximum complete profiles at fixed k; lexicographic tie-break; logFC not used
MAOB,0.5,9,5,breast;kidney;liver;stomach;thyroid,2,73,FALSE,1,FALSE,maximum complete profiles at fixed k; lexicographic tie-break; logFC not used
MAOB,0.5,9,5,breast;kidney;lung;stomach;thyroid,2,74,FALSE,1,FALSE,maximum complete profiles at fixed k; lexicographic tie-break; logFC not used
MAOB,0.5,9,5,colon;esophagus;kidney;lung;thyroid,2,75,FALSE,1,FALSE,maximum complete profiles at fixed k; lexicographic tie-break; logFC not used
MAOB,0.5,9,5,colon;esophagus;kidney;prostate;thyroid,2,76,FALSE,1,FALSE,maximum complete profiles at fixed k; lexicographic tie-break; logFC not used
MAOB,0.5,9,5,colon;esophagus;kidney;stomach;thyroid,2,77,FALSE,1,FALSE,maximum complete profiles at fixed k; lexicographic tie-break; logFC not used
MAOB,0.5,9,5,colon;kidney;lung;prostate;thyroid,2,78,FALSE,1,FALSE,maximum complete profiles at fixed k; lexicographic tie-break; logFC not used
MAOB,0.5,9,5,colon;kidney;prostate;stomach;thyroid,2,79,FALSE,1,FALSE,maximum complete profiles at fixed k; lexicographic tie-break; logFC not used
MAOB,0.5,9,5,colon;lung;prostate;stomach;thyroid,2,80,FALSE,1,FALSE,maximum complete profiles at fixed k; lexicographic tie-break; logFC not used
MAOB,0.5,9,5,esophagus;kidney;liver;stomach;thyroid,2,81,FALSE,1,FALSE,maximum complete profiles at fixed k; lexicographic tie-break; logFC not used
MAOB,0.5,9,5,esophagus;kidney;lung;prostate;thyroid,2,82,FALSE,1,FALSE,maximum complete profiles at fixed k; lexicographic tie-break; logFC not used
MAOB,0.5,9,5,esophagus;kidney;lung;stomach;thyroid,2,83,FALSE,1,FALSE,maximum complete profiles at fixed k; lexicographic tie-break; logFC not used
MAOB,0.5,9,5,esophagus;kidney;prostate;stomach;thyroid,2,84,FALSE,1,FALSE,maximum complete profiles at fixed k; lexicographic tie-break; logFC not used
MAOB,0.5,9,5,kidney;lung;prostate;stomach;thyroid,2,85,FALSE,1,FALSE,maximum complete profiles at fixed k; lexicographic tie-break; logFC not used
MAOB,0.5,9,5,breast;colon;esophagus;kidney;thyroid,1,86,FALSE,1,FALSE,maximum complete profiles at fixed k; lexicographic tie-break; logFC not used
MAOB,0.5,9,5,breast;colon;kidney;lung;thyroid,1,87,FALSE,1,FALSE,maximum complete profiles at fixed k; lexicographic tie-break; logFC not used
MAOB,0.5,9,5,breast;colon;kidney;prostate;thyroid,1,88,FALSE,1,FALSE,maximum complete profiles at fixed k; lexicographic tie-break; logFC not used
MAOB,0.5,9,5,breast;colon;kidney;stomach;thyroid,1,89,FALSE,1,FALSE,maximum complete profiles at fixed k; lexicographic tie-break; logFC not used
MAOB,0.5,9,5,breast;colon;lung;stomach;thyroid,1,90,FALSE,1,FALSE,maximum complete profiles at fixed k; lexicographic tie-break; logFC not used
MAOB,0.5,9,5,breast;esophagus;kidney;liver;thyroid,1,91,FALSE,1,FALSE,maximum complete profiles at fixed k; lexicographic tie-break; logFC not used
MAOB,0.5,9,5,breast;esophagus;kidney;lung;thyroid,1,92,FALSE,1,FALSE,maximum complete profiles at fixed k; lexicographic tie-break; logFC not used
MAOB,0.5,9,5,breast;esophagus;kidney;prostate;thyroid,1,93,FALSE,1,FALSE,maximum complete profiles at fixed k; lexicographic tie-break; logFC not used
MAOB,0.5,9,5,breast;esophagus;liver;stomach;thyroid,1,94,FALSE,1,FALSE,maximum complete profiles at fixed k; lexicographic tie-break; logFC not used
MAOB,0.5,9,5,breast;kidney;liver;lung;thyroid,1,95,FALSE,1,FALSE,maximum complete profiles at fixed k; lexicographic tie-break; logFC not used
MAOB,0.5,9,5,breast;kidney;lung;prostate;thyroid,1,96,FALSE,1,FALSE,maximum complete profiles at fixed k; lexicographic tie-break; logFC not used
MAOB,0.5,9,5,breast;kidney;prostate;stomach;thyroid,1,97,FALSE,1,FALSE,maximum complete profiles at fixed k; lexicographic tie-break; logFC not used
MAOB,0.5,9,5,breast;liver;lung;stomach;thyroid,1,98,FALSE,1,FALSE,maximum complete profiles at fixed k; lexicographic tie-break; logFC not used
MAOB,0.5,9,5,colon;esophagus;liver;stomach;thyroid,1,99,FALSE,1,FALSE,maximum complete profiles at fixed k; lexicographic tie-break; logFC not used
MAOB,0.5,9,5,colon;liver;lung;stomach;thyroid,1,100,FALSE,1,FALSE,maximum complete profiles at fixed k; lexicographic tie-break; logFC not used
MAOB,0.5,9,5,esophagus;liver;lung;stomach;thyroid,1,101,FALSE,1,FALSE,maximum complete profiles at fixed k; lexicographic tie-break; logFC not used
MAOB,0.5,9,5,esophagus;liver;prostate;stomach;thyroid,1,102,FALSE,1,FALSE,maximum complete profiles at fixed k; lexicographic tie-break; logFC not used
MAOB,0.5,9,5,kidney;liver;lung;stomach;thyroid,1,103,FALSE,1,FALSE,maximum complete profiles at fixed k; lexicographic tie-break; logFC not used
MAOB,0.5,9,5,breast;colon;esophagus;liver;thyroid,0,104,FALSE,1,FALSE,maximum complete profiles at fixed k; lexicographic tie-break; logFC not used
MAOB,0.5,9,5,breast;colon;kidney;liver;thyroid,0,105,FALSE,1,FALSE,maximum complete profiles at fixed k; lexicographic tie-break; logFC not used
MAOB,0.5,9,5,breast;colon;liver;lung;thyroid,0,106,FALSE,1,FALSE,maximum complete profiles at fixed k; lexicographic tie-break; logFC not used
MAOB,0.5,9,5,breast;colon;liver;prostate;thyroid,0,107,FALSE,1,FALSE,maximum complete profiles at fixed k; lexicographic tie-break; logFC not used
MAOB,0.5,9,5,breast;colon;liver;stomach;thyroid,0,108,FALSE,1,FALSE,maximum complete profiles at fixed k; lexicographic tie-break; logFC not used
MAOB,0.5,9,5,breast;esophagus;liver;lung;thyroid,0,109,FALSE,1,FALSE,maximum complete profiles at fixed k; lexicographic tie-break; logFC not used
MAOB,0.5,9,5,breast;esophagus;liver;prostate;thyroid,0,110,FALSE,1,FALSE,maximum complete profiles at fixed k; lexicographic tie-break; logFC not used
MAOB,0.5,9,5,breast;kidney;liver;prostate;thyroid,0,111,FALSE,1,FALSE,maximum complete profiles at fixed k; lexicographic tie-break; logFC not used
MAOB,0.5,9,5,breast;liver;lung;prostate;thyroid,0,112,FALSE,1,FALSE,maximum complete profiles at fixed k; lexicographic tie-break; logFC not used
MAOB,0.5,9,5,breast;liver;prostate;stomach;thyroid,0,113,FALSE,1,FALSE,maximum complete profiles at fixed k; lexicographic tie-break; logFC not used
MAOB,0.5,9,5,colon;esophagus;kidney;liver;thyroid,0,114,FALSE,1,FALSE,maximum complete profiles at fixed k; lexicographic tie-break; logFC not used
MAOB,0.5,9,5,colon;esophagus;liver;prostate;thyroid,0,115,FALSE,1,FALSE,maximum complete profiles at fixed k; lexicographic tie-break; logFC not used
MAOB,0.5,9,5,colon;kidney;liver;lung;thyroid,0,116,FALSE,1,FALSE,maximum complete profiles at fixed k; lexicographic tie-break; logFC not used
MAOB,0.5,9,5,colon;kidney;liver;prostate;thyroid,0,117,FALSE,1,FALSE,maximum complete profiles at fixed k; lexicographic tie-break; logFC not used
MAOB,0.5,9,5,colon;kidney;liver;stomach;thyroid,0,118,FALSE,1,FALSE,maximum complete profiles at fixed k; lexicographic tie-break; logFC not used
MAOB,0.5,9,5,colon;liver;lung;prostate;thyroid,0,119,FALSE,1,FALSE,maximum complete profiles at fixed k; lexicographic tie-break; logFC not used
MAOB,0.5,9,5,colon;liver;prostate;stomach;thyroid,0,120,FALSE,1,FALSE,maximum complete profiles at fixed k; lexicographic tie-break; logFC not used
MAOB,0.5,9,5,esophagus;kidney;liver;lung;thyroid,0,121,FALSE,1,FALSE,maximum complete profiles at fixed k; lexicographic tie-break; logFC not used
MAOB,0.5,9,5,esophagus;kidney;liver;prostate;thyroid,0,122,FALSE,1,FALSE,maximum complete profiles at fixed k; lexicographic tie-break; logFC not used
MAOB,0.5,9,5,esophagus;liver;lung;prostate;thyroid,0,123,FALSE,1,FALSE,maximum complete profiles at fixed k; lexicographic tie-break; logFC not used
MAOB,0.5,9,5,kidney;liver;lung;prostate;thyroid,0,124,FALSE,1,FALSE,maximum complete profiles at fixed k; lexicographic tie-break; logFC not used
MAOB,0.5,9,5,kidney;liver;prostate;stomach;thyroid,0,125,FALSE,1,FALSE,maximum complete profiles at fixed k; lexicographic tie-break; logFC not used
MAOB,0.5,9,5,liver;lung;prostate;stomach;thyroid,0,126,FALSE,1,FALSE,maximum complete profiles at fixed k; lexicographic tie-break; logFC not used
MAOB,0.6,9,6,breast;colon;esophagus;kidney;lung;prostate,89,1,TRUE,1,TRUE,maximum complete profiles at fixed k; lexicographic tie-break; logFC not used
MAOB,0.6,9,6,breast;colon;kidney;lung;prostate;stomach,77,2,FALSE,1,TRUE,maximum complete profiles at fixed k; lexicographic tie-break; logFC not used
MAOB,0.6,9,6,breast;colon;esophagus;lung;prostate;stomach,73,3,FALSE,1,TRUE,maximum complete profiles at fixed k; lexicographic tie-break; logFC not used
MAOB,0.6,9,6,breast;esophagus;kidney;lung;prostate;stomach,61,4,FALSE,1,TRUE,maximum complete profiles at fixed k; lexicographic tie-break; logFC not used
MAOB,0.6,9,6,colon;esophagus;kidney;lung;prostate;stomach,61,5,FALSE,1,TRUE,maximum complete profiles at fixed k; lexicographic tie-break; logFC not used
MAOB,0.6,9,6,breast;colon;esophagus;kidney;prostate;stomach,57,6,FALSE,1,TRUE,maximum complete profiles at fixed k; lexicographic tie-break; logFC not used
MAOB,0.6,9,6,breast;colon;esophagus;kidney;lung;stomach,50,7,FALSE,1,TRUE,maximum complete profiles at fixed k; lexicographic tie-break; logFC not used
MAOB,0.6,9,6,breast;esophagus;kidney;liver;lung;prostate,50,8,FALSE,1,TRUE,maximum complete profiles at fixed k; lexicographic tie-break; logFC not used
MAOB,0.6,9,6,breast;colon;kidney;liver;lung;prostate,44,9,FALSE,1,TRUE,maximum complete profiles at fixed k; lexicographic tie-break; logFC not used
MAOB,0.6,9,6,breast;colon;esophagus;kidney;liver;prostate,33,10,FALSE,1,TRUE,maximum complete profiles at fixed k; lexicographic tie-break; logFC not used
MAOB,0.6,9,6,breast;colon;esophagus;kidney;liver;lung,31,11,FALSE,1,TRUE,maximum complete profiles at fixed k; lexicographic tie-break; logFC not used
MAOB,0.6,9,6,breast;colon;esophagus;liver;lung;prostate,29,12,FALSE,1,TRUE,maximum complete profiles at fixed k; lexicographic tie-break; logFC not used
MAOB,0.6,9,6,colon;esophagus;kidney;liver;lung;prostate,27,13,FALSE,1,TRUE,maximum complete profiles at fixed k; lexicographic tie-break; logFC not used
MAOB,0.6,9,6,breast;kidney;liver;lung;prostate;stomach,22,14,FALSE,1,TRUE,maximum complete profiles at fixed k; lexicographic tie-break; logFC not used
MAOB,0.6,9,6,breast;colon;kidney;liver;prostate;stomach,16,15,FALSE,1,FALSE,maximum complete profiles at fixed k; lexicographic tie-break; logFC not used
MAOB,0.6,9,6,breast;esophagus;kidney;liver;prostate;stomach,15,16,FALSE,1,FALSE,maximum complete profiles at fixed k; lexicographic tie-break; logFC not used
MAOB,0.6,9,6,colon;kidney;liver;lung;prostate;stomach,15,17,FALSE,1,FALSE,maximum complete profiles at fixed k; lexicographic tie-break; logFC not used
MAOB,0.6,9,6,breast;colon;liver;lung;prostate;stomach,14,18,FALSE,1,FALSE,maximum complete profiles at fixed k; lexicographic tie-break; logFC not used
MAOB,0.6,9,6,esophagus;kidney;liver;lung;prostate;stomach,13,19,FALSE,1,FALSE,maximum complete profiles at fixed k; lexicographic tie-break; logFC not used
MAOB,0.6,9,6,breast;colon;esophagus;liver;prostate;stomach,12,20,FALSE,1,FALSE,maximum complete profiles at fixed k; lexicographic tie-break; logFC not used
MAOB,0.6,9,6,breast;colon;kidney;liver;lung;stomach,12,21,FALSE,1,FALSE,maximum complete profiles at fixed k; lexicographic tie-break; logFC not used
MAOB,0.6,9,6,colon;esophagus;liver;lung;prostate;stomach,12,22,FALSE,1,FALSE,maximum complete profiles at fixed k; lexicographic tie-break; logFC not used
MAOB,0.6,9,6,breast;esophagus;liver;lung;prostate;stomach,11,23,FALSE,1,FALSE,maximum complete profiles at fixed k; lexicographic tie-break; logFC not used
MAOB,0.6,9,6,colon;esophagus;kidney;liver;prostate;stomach,11,24,FALSE,1,FALSE,maximum complete profiles at fixed k; lexicographic tie-break; logFC not used
MAOB,0.6,9,6,breast;colon;esophagus;kidney;liver;stomach,10,25,FALSE,1,FALSE,maximum complete profiles at fixed k; lexicographic tie-break; logFC not used
MAOB,0.6,9,6,breast;esophagus;kidney;liver;lung;stomach,9,26,FALSE,1,FALSE,maximum complete profiles at fixed k; lexicographic tie-break; logFC not used
MAOB,0.6,9,6,colon;esophagus;kidney;liver;lung;stomach,9,27,FALSE,1,FALSE,maximum complete profiles at fixed k; lexicographic tie-break; logFC not used
MAOB,0.6,9,6,breast;colon;esophagus;liver;lung;stomach,8,28,FALSE,1,FALSE,maximum complete profiles at fixed k; lexicographic tie-break; logFC not used
MAOB,0.6,9,6,breast;esophagus;lung;prostate;stomach;thyroid,3,29,FALSE,1,FALSE,maximum complete profiles at fixed k; lexicographic tie-break; logFC not used
MAOB,0.6,9,6,breast;colon;esophagus;lung;prostate;thyroid,2,30,FALSE,1,FALSE,maximum complete profiles at fixed k; lexicographic tie-break; logFC not used
MAOB,0.6,9,6,breast;colon;esophagus;prostate;stomach;thyroid,2,31,FALSE,1,FALSE,maximum complete profiles at fixed k; lexicographic tie-break; logFC not used
MAOB,0.6,9,6,colon;esophagus;kidney;lung;prostate;thyroid,2,32,FALSE,1,FALSE,maximum complete profiles at fixed k; lexicographic tie-break; logFC not used
MAOB,0.6,9,6,colon;esophagus;kidney;lung;stomach;thyroid,2,33,FALSE,1,FALSE,maximum complete profiles at fixed k; lexicographic tie-break; logFC not used
MAOB,0.6,9,6,colon;esophagus;kidney;prostate;stomach;thyroid,2,34,FALSE,1,FALSE,maximum complete profiles at fixed k; lexicographic tie-break; logFC not used
MAOB,0.6,9,6,colon;esophagus;lung;prostate;stomach;thyroid,2,35,FALSE,1,FALSE,maximum complete profiles at fixed k; lexicographic tie-break; logFC not used
MAOB,0.6,9,6,colon;kidney;lung;prostate;stomach;thyroid,2,36,FALSE,1,FALSE,maximum complete profiles at fixed k; lexicographic tie-break; logFC not used
MAOB,0.6,9,6,esophagus;kidney;lung;prostate;stomach;thyroid,2,37,FALSE,1,FALSE,maximum complete profiles at fixed k; lexicographic tie-break; logFC not used
MAOB,0.6,9,6,breast;colon;esophagus;kidney;lung;thyroid,1,38,FALSE,1,FALSE,maximum complete profiles at fixed k; lexicographic tie-break; logFC not used
MAOB,0.6,9,6,breast;colon;esophagus;kidney;prostate;thyroid,1,39,FALSE,1,FALSE,maximum complete profiles at fixed k; lexicographic tie-break; logFC not used
MAOB,0.6,9,6,breast;colon;esophagus;kidney;stomach;thyroid,1,40,FALSE,1,FALSE,maximum complete profiles at fixed k; lexicographic tie-break; logFC not used
MAOB,0.6,9,6,breast;colon;esophagus;lung;stomach;thyroid,1,41,FALSE,1,FALSE,maximum complete profiles at fixed k; lexicographic tie-break; logFC not used
MAOB,0.6,9,6,breast;colon;kidney;lung;prostate;thyroid,1,42,FALSE,1,FALSE,maximum complete profiles at fixed k; lexicographic tie-break; logFC not used
MAOB,0.6,9,6,breast;colon;kidney;lung;stomach;thyroid,1,43,FALSE,1,FALSE,maximum complete profiles at fixed k; lexicographic tie-break; logFC not used
MAOB,0.6,9,6,breast;colon;kidney;prostate;stomach;thyroid,1,44,FALSE,1,FALSE,maximum complete profiles at fixed k; lexicographic tie-break; logFC not used
MAOB,0.6,9,6,breast;colon;lung;prostate;stomach;thyroid,1,45,FALSE,1,FALSE,maximum complete profiles at fixed k; lexicographic tie-break; logFC not used
MAOB,0.6,9,6,breast;esophagus;kidney;liver;stomach;thyroid,1,46,FALSE,1,FALSE,maximum complete profiles at fixed k; lexicographic tie-break; logFC not used
MAOB,0.6,9,6,breast;esophagus;kidney;lung;prostate;thyroid,1,47,FALSE,1,FALSE,maximum complete profiles at fixed k; lexicographic tie-break; logFC not used
MAOB,0.6,9,6,breast;esophagus;kidney;lung;stomach;thyroid,1,48,FALSE,1,FALSE,maximum complete profiles at fixed k; lexicographic tie-break; logFC not used
MAOB,0.6,9,6,breast;esophagus;kidney;prostate;stomach;thyroid,1,49,FALSE,1,FALSE,maximum complete profiles at fixed k; lexicographic tie-break; logFC not used
MAOB,0.6,9,6,breast;kidney;liver;lung;stomach;thyroid,1,50,FALSE,1,FALSE,maximum complete profiles at fixed k; lexicographic tie-break; logFC not used
MAOB,0.6,9,6,breast;kidney;lung;prostate;stomach;thyroid,1,51,FALSE,1,FALSE,maximum complete profiles at fixed k; lexicographic tie-break; logFC not used
MAOB,0.6,9,6,colon;esophagus;liver;lung;stomach;thyroid,1,52,FALSE,1,FALSE,maximum complete profiles at fixed k; lexicographic tie-break; logFC not used
MAOB,0.6,9,6,breast;colon;esophagus;kidney;liver;thyroid,0,53,FALSE,1,FALSE,maximum complete profiles at fixed k; lexicographic tie-break; logFC not used
MAOB,0.6,9,6,breast;colon;esophagus;liver;lung;thyroid,0,54,FALSE,1,FALSE,maximum complete profiles at fixed k; lexicographic tie-break; logFC not used
MAOB,0.6,9,6,breast;colon;esophagus;liver;prostate;thyroid,0,55,FALSE,1,FALSE,maximum complete profiles at fixed k; lexicographic tie-break; logFC not used
MAOB,0.6,9,6,breast;colon;esophagus;liver;stomach;thyroid,0,56,FALSE,1,FALSE,maximum complete profiles at fixed k; lexicographic tie-break; logFC not used
MAOB,0.6,9,6,breast;colon;kidney;liver;lung;thyroid,0,57,FALSE,1,FALSE,maximum complete profiles at fixed k; lexicographic tie-break; logFC not used
MAOB,0.6,9,6,breast;colon;kidney;liver;prostate;thyroid,0,58,FALSE,1,FALSE,maximum complete profiles at fixed k; lexicographic tie-break; logFC not used
MAOB,0.6,9,6,breast;colon;kidney;liver;stomach;thyroid,0,59,FALSE,1,FALSE,maximum complete profiles at fixed k; lexicographic tie-break; logFC not used
MAOB,0.6,9,6,breast;colon;liver;lung;prostate;thyroid,0,60,FALSE,1,FALSE,maximum complete profiles at fixed k; lexicographic tie-break; logFC not used
MAOB,0.6,9,6,breast;colon;liver;lung;stomach;thyroid,0,61,FALSE,1,FALSE,maximum complete profiles at fixed k; lexicographic tie-break; logFC not used
MAOB,0.6,9,6,breast;colon;liver;prostate;stomach;thyroid,0,62,FALSE,1,FALSE,maximum complete profiles at fixed k; lexicographic tie-break; logFC not used
MAOB,0.6,9,6,breast;esophagus;kidney;liver;lung;thyroid,0,63,FALSE,1,FALSE,maximum complete profiles at fixed k; lexicographic tie-break; logFC not used
MAOB,0.6,9,6,breast;esophagus;kidney;liver;prostate;thyroid,0,64,FALSE,1,FALSE,maximum complete profiles at fixed k; lexicographic tie-break; logFC not used
MAOB,0.6,9,6,breast;esophagus;liver;lung;prostate;thyroid,0,65,FALSE,1,FALSE,maximum complete profiles at fixed k; lexicographic tie-break; logFC not used
MAOB,0.6,9,6,breast;esophagus;liver;lung;stomach;thyroid,0,66,FALSE,1,FALSE,maximum complete profiles at fixed k; lexicographic tie-break; logFC not used
MAOB,0.6,9,6,breast;esophagus;liver;prostate;stomach;thyroid,0,67,FALSE,1,FALSE,maximum complete profiles at fixed k; lexicographic tie-break; logFC not used
MAOB,0.6,9,6,breast;kidney;liver;lung;prostate;thyroid,0,68,FALSE,1,FALSE,maximum complete profiles at fixed k; lexicographic tie-break; logFC not used
MAOB,0.6,9,6,breast;kidney;liver;prostate;stomach;thyroid,0,69,FALSE,1,FALSE,maximum complete profiles at fixed k; lexicographic tie-break; logFC not used
MAOB,0.6,9,6,breast;liver;lung;prostate;stomach;thyroid,0,70,FALSE,1,FALSE,maximum complete profiles at fixed k; lexicographic tie-break; logFC not used
MAOB,0.6,9,6,colon;esophagus;kidney;liver;lung;thyroid,0,71,FALSE,1,FALSE,maximum complete profiles at fixed k; lexicographic tie-break; logFC not used
MAOB,0.6,9,6,colon;esophagus;kidney;liver;prostate;thyroid,0,72,FALSE,1,FALSE,maximum complete profiles at fixed k; lexicographic tie-break; logFC not used
MAOB,0.6,9,6,colon;esophagus;kidney;liver;stomach;thyroid,0,73,FALSE,1,FALSE,maximum complete profiles at fixed k; lexicographic tie-break; logFC not used
MAOB,0.6,9,6,colon;esophagus;liver;lung;prostate;thyroid,0,74,FALSE,1,FALSE,maximum complete profiles at fixed k; lexicographic tie-break; logFC not used
MAOB,0.6,9,6,colon;esophagus;liver;prostate;stomach;thyroid,0,75,FALSE,1,FALSE,maximum complete profiles at fixed k; lexicographic tie-break; logFC not used
MAOB,0.6,9,6,colon;kidney;liver;lung;prostate;thyroid,0,76,FALSE,1,FALSE,maximum complete profiles at fixed k; lexicographic tie-break; logFC not used
MAOB,0.6,9,6,colon;kidney;liver;lung;stomach;thyroid,0,77,FALSE,1,FALSE,maximum complete profiles at fixed k; lexicographic tie-break; logFC not used
MAOB,0.6,9,6,colon;kidney;liver;prostate;stomach;thyroid,0,78,FALSE,1,FALSE,maximum complete profiles at fixed k; lexicographic tie-break; logFC not used
MAOB,0.6,9,6,colon;liver;lung;prostate;stomach;thyroid,0,79,FALSE,1,FALSE,maximum complete profiles at fixed k; lexicographic tie-break; logFC not used
MAOB,0.6,9,6,esophagus;kidney;liver;lung;prostate;thyroid,0,80,FALSE,1,FALSE,maximum complete profiles at fixed k; lexicographic tie-break; logFC not used
MAOB,0.6,9,6,esophagus;kidney;liver;lung;stomach;thyroid,0,81,FALSE,1,FALSE,maximum complete profiles at fixed k; lexicographic tie-break; logFC not used
MAOB,0.6,9,6,esophagus;kidney;liver;prostate;stomach;thyroid,0,82,FALSE,1,FALSE,maximum complete profiles at fixed k; lexicographic tie-break; logFC not used
MAOB,0.6,9,6,esophagus;liver;lung;prostate;stomach;thyroid,0,83,FALSE,1,FALSE,maximum complete profiles at fixed k; lexicographic tie-break; logFC not used
MAOB,0.6,9,6,kidney;liver;lung;prostate;stomach;thyroid,0,84,FALSE,1,FALSE,maximum complete profiles at fixed k; lexicographic tie-break; logFC not used
MAOB,0.7,9,7,breast;colon;esophagus;kidney;lung;prostate;stomach,45,1,TRUE,1,TRUE,maximum complete profiles at fixed k; lexicographic tie-break; logFC not used
MAOB,0.7,9,7,breast;colon;esophagus;kidney;liver;lung;prostate,23,2,FALSE,1,TRUE,maximum complete profiles at fixed k; lexicographic tie-break; logFC not used
MAOB,0.7,9,7,breast;colon;kidney;liver;lung;prostate;stomach,12,3,FALSE,1,FALSE,maximum complete profiles at fixed k; lexicographic tie-break; logFC not used
MAOB,0.7,9,7,breast;colon;esophagus;kidney;liver;prostate;stomach,9,4,FALSE,1,FALSE,maximum complete profiles at fixed k; lexicographic tie-break; logFC not used
MAOB,0.7,9,7,breast;esophagus;kidney;liver;lung;prostate;stomach,9,5,FALSE,1,FALSE,maximum complete profiles at fixed k; lexicographic tie-break; logFC not used
MAOB,0.7,9,7,breast;colon;esophagus;liver;lung;prostate;stomach,8,6,FALSE,1,FALSE,maximum complete profiles at fixed k; lexicographic tie-break; logFC not used
MAOB,0.7,9,7,colon;esophagus;kidney;liver;lung;prostate;stomach,8,7,FALSE,1,FALSE,maximum complete profiles at fixed k; lexicographic tie-break; logFC not used
MAOB,0.7,9,7,breast;colon;esophagus;kidney;liver;lung;stomach,6,8,FALSE,1,FALSE,maximum complete profiles at fixed k; lexicographic tie-break; logFC not used
MAOB,0.7,9,7,colon;esophagus;kidney;lung;prostate;stomach;thyroid,2,9,FALSE,1,FALSE,maximum complete profiles at fixed k; lexicographic tie-break; logFC not used
MAOB,0.7,9,7,breast;colon;esophagus;kidney;lung;prostate;thyroid,1,10,FALSE,1,FALSE,maximum complete profiles at fixed k; lexicographic tie-break; logFC not used
MAOB,0.7,9,7,breast;colon;esophagus;kidney;lung;stomach;thyroid,1,11,FALSE,1,FALSE,maximum complete profiles at fixed k; lexicographic tie-break; logFC not used
MAOB,0.7,9,7,breast;colon;esophagus;kidney;prostate;stomach;thyroid,1,12,FALSE,1,FALSE,maximum complete profiles at fixed k; lexicographic tie-break; logFC not used
MAOB,0.7,9,7,breast;colon;esophagus;lung;prostate;stomach;thyroid,1,13,FALSE,1,FALSE,maximum complete profiles at fixed k; lexicographic tie-break; logFC not used
MAOB,0.7,9,7,breast;colon;kidney;lung;prostate;stomach;thyroid,1,14,FALSE,1,FALSE,maximum complete profiles at fixed k; lexicographic tie-break; logFC not used
MAOB,0.7,9,7,breast;esophagus;kidney;lung;prostate;stomach;thyroid,1,15,FALSE,1,FALSE,maximum complete profiles at fixed k; lexicographic tie-break; logFC not used
MAOB,0.7,9,7,breast;colon;esophagus;kidney;liver;lung;thyroid,0,16,FALSE,1,FALSE,maximum complete profiles at fixed k; lexicographic tie-break; logFC not used
MAOB,0.7,9,7,breast;colon;esophagus;kidney;liver;prostate;thyroid,0,17,FALSE,1,FALSE,maximum complete profiles at fixed k; lexicographic tie-break; logFC not used
MAOB,0.7,9,7,breast;colon;esophagus;kidney;liver;stomach;thyroid,0,18,FALSE,1,FALSE,maximum complete profiles at fixed k; lexicographic tie-break; logFC not used
MAOB,0.7,9,7,breast;colon;esophagus;liver;lung;prostate;thyroid,0,19,FALSE,1,FALSE,maximum complete profiles at fixed k; lexicographic tie-break; logFC not used
MAOB,0.7,9,7,breast;colon;esophagus;liver;lung;stomach;thyroid,0,20,FALSE,1,FALSE,maximum complete profiles at fixed k; lexicographic tie-break; logFC not used
MAOB,0.7,9,7,breast;colon;esophagus;liver;prostate;stomach;thyroid,0,21,FALSE,1,FALSE,maximum complete profiles at fixed k; lexicographic tie-break; logFC not used
MAOB,0.7,9,7,breast;colon;kidney;liver;lung;prostate;thyroid,0,22,FALSE,1,FALSE,maximum complete profiles at fixed k; lexicographic tie-break; logFC not used
MAOB,0.7,9,7,breast;colon;kidney;liver;lung;stomach;thyroid,0,23,FALSE,1,FALSE,maximum complete profiles at fixed k; lexicographic tie-break; logFC not used
MAOB,0.7,9,7,breast;colon;kidney;liver;prostate;stomach;thyroid,0,24,FALSE,1,FALSE,maximum complete profiles at fixed k; lexicographic tie-break; logFC not used
MAOB,0.7,9,7,breast;colon;liver;lung;prostate;stomach;thyroid,0,25,FALSE,1,FALSE,maximum complete profiles at fixed k; lexicographic tie-break; logFC not used
MAOB,0.7,9,7,breast;esophagus;kidney;liver;lung;prostate;thyroid,0,26,FALSE,1,FALSE,maximum complete profiles at fixed k; lexicographic tie-break; logFC not used
MAOB,0.7,9,7,breast;esophagus;kidney;liver;lung;stomach;thyroid,0,27,FALSE,1,FALSE,maximum complete profiles at fixed k; lexicographic tie-break; logFC not used
MAOB,0.7,9,7,breast;esophagus;kidney;liver;prostate;stomach;thyroid,0,28,FALSE,1,FALSE,maximum complete profiles at fixed k; lexicographic tie-break; logFC not used
MAOB,0.7,9,7,breast;esophagus;liver;lung;prostate;stomach;thyroid,0,29,FALSE,1,FALSE,maximum complete profiles at fixed k; lexicographic tie-break; logFC not used
MAOB,0.7,9,7,breast;kidney;liver;lung;prostate;stomach;thyroid,0,30,FALSE,1,FALSE,maximum complete profiles at fixed k; lexicographic tie-break; logFC not used
MAOB,0.7,9,7,colon;esophagus;kidney;liver;lung;prostate;thyroid,0,31,FALSE,1,FALSE,maximum complete profiles at fixed k; lexicographic tie-break; logFC not used
MAOB,0.7,9,7,colon;esophagus;kidney;liver;lung;stomach;thyroid,0,32,FALSE,1,FALSE,maximum complete profiles at fixed k; lexicographic tie-break; logFC not used
MAOB,0.7,9,7,colon;esophagus;kidney;liver;prostate;stomach;thyroid,0,33,FALSE,1,FALSE,maximum complete profiles at fixed k; lexicographic tie-break; logFC not used
MAOB,0.7,9,7,colon;esophagus;liver;lung;prostate;stomach;thyroid,0,34,FALSE,1,FALSE,maximum complete profiles at fixed k; lexicographic tie-break; logFC not used
MAOB,0.7,9,7,colon;kidney;liver;lung;prostate;stomach;thyroid,0,35,FALSE,1,FALSE,maximum complete profiles at fixed k; lexicographic tie-break; logFC not used
MAOB,0.7,9,7,esophagus;kidney;liver;lung;prostate;stomach;thyroid,0,36,FALSE,1,FALSE,maximum complete profiles at fixed k; lexicographic tie-break; logFC not used
MAOB,0.8,9,8,breast;colon;esophagus;kidney;liver;lung;prostate;stomach,6,1,TRUE,1,FALSE,maximum complete profiles at fixed k; lexicographic tie-break; logFC not used
MAOB,0.8,9,8,breast;colon;esophagus;kidney;lung;prostate;stomach;thyroid,1,2,FALSE,1,FALSE,maximum complete profiles at fixed k; lexicographic tie-break; logFC not used
MAOB,0.8,9,8,breast;colon;esophagus;kidney;liver;lung;prostate;thyroid,0,3,FALSE,1,FALSE,maximum complete profiles at fixed k; lexicographic tie-break; logFC not used
MAOB,0.8,9,8,breast;colon;esophagus;kidney;liver;lung;stomach;thyroid,0,4,FALSE,1,FALSE,maximum complete profiles at fixed k; lexicographic tie-break; logFC not used
MAOB,0.8,9,8,breast;colon;esophagus;kidney;liver;prostate;stomach;thyroid,0,5,FALSE,1,FALSE,maximum complete profiles at fixed k; lexicographic tie-break; logFC not used
MAOB,0.8,9,8,breast;colon;esophagus;liver;lung;prostate;stomach;thyroid,0,6,FALSE,1,FALSE,maximum complete profiles at fixed k; lexicographic tie-break; logFC not used
MAOB,0.8,9,8,breast;colon;kidney;liver;lung;prostate;stomach;thyroid,0,7,FALSE,1,FALSE,maximum complete profiles at fixed k; lexicographic tie-break; logFC not used
MAOB,0.8,9,8,breast;esophagus;kidney;liver;lung;prostate;stomach;thyroid,0,8,FALSE,1,FALSE,maximum complete profiles at fixed k; lexicographic tie-break; logFC not used
MAOB,0.8,9,8,colon;esophagus;kidney;liver;lung;prostate;stomach;thyroid,0,9,FALSE,1,FALSE,maximum complete profiles at fixed k; lexicographic tie-break; logFC not used
MAOB,0.9,9,9,breast;colon;esophagus;kidney;liver;lung;prostate;stomach;thyroid,0,1,TRUE,1,FALSE,maximum complete profiles at fixed k; lexicographic tie-break; logFC not used
