target_gene,minimum_coverage_fraction,common_denominator_n,selected_common_contexts,background_gene_id,background_gene_symbol,n_contexts,contexts,n_loss,loss_fraction,n_gain,gain_fraction,median_logFC,mean_logFC,mean_matching_distance,maximum_matching_distance,denominator_aligned
MAOB,0.5,5,breast;colon;kidney;lung;prostate,ENSG00000003056,M6PR,5,breast;colon;kidney;lung;prostate,0,0,0,0,0.29981372885220114,0.1870039040618165,0.6688341063920845,0.739352503655701,TRUE
MAOB,0.5,5,breast;colon;kidney;lung;prostate,ENSG00000004487,KDM1A,5,breast;colon;kidney;lung;prostate,0,0,2,0.4,0.4475227242228756,0.4923860322841166,0.505911408625569,0.7621305286621106,TRUE
MAOB,0.5,5,breast;colon;kidney;lung;prostate,ENSG00000005486,RHBDD2,5,breast;colon;kidney;lung;prostate,0,0,1,0.2,0.14028276872197576,0.1013033557058233,0.6989867374392184,0.8532687875773717,TRUE
MAOB,0.5,5,breast;colon;kidney;lung;prostate,ENSG00000005812,FBXL3,5,breast;colon;kidney;lung;prostate,1,0.2,0,0,-0.3359034985728859,-0.4072766622008729,0.7929887974898948,0.9799997627434304,TRUE
MAOB,0.5,5,breast;colon;kidney;lung;prostate,ENSG00000008130,NADK,5,breast;colon;kidney;lung;prostate,0,0,0,0,0.05558077323389918,0.04081597596936402,0.7631420794814687,0.9004120603694266,TRUE
MAOB,0.5,5,breast;colon;kidney;lung;prostate,ENSG00000019144,PHLDB1,5,breast;colon;kidney;lung;prostate,1,0.2,0,0,-0.5473494698841079,-0.6237749675684363,0.7390587707539623,1.0051066422284065,TRUE
MAOB,0.5,5,breast;colon;kidney;lung;prostate,ENSG00000042753,AP2S1,5,breast;colon;kidney;lung;prostate,0,0,1,0.2,0.49458952117519495,0.5299863669815228,0.7071245554986451,0.8586763189560094,TRUE
MAOB,0.5,5,breast;colon;kidney;lung;prostate,ENSG00000055044,NOP58,5,breast;colon;kidney;lung;prostate,0,0,2,0.4,0.5587017842422463,0.5106867541471356,0.6665498393001309,0.9337797511546764,TRUE
MAOB,0.5,5,breast;colon;kidney;lung;prostate,ENSG00000060971,ACAA1,5,breast;colon;kidney;lung;prostate,3,0.6,0,0,-0.6966668485297836,-0.551205737023423,0.7550342820281316,1.018756292064638,TRUE
MAOB,0.5,5,breast;colon;kidney;lung;prostate,ENSG00000064726,BTBD1,5,breast;colon;kidney;lung;prostate,0,0,0,0,0.08526735740026535,0.06528606381773237,0.5974972137326735,0.8137154283975808,TRUE
MAOB,0.5,5,breast;colon;kidney;lung;prostate,ENSG00000065150,IPO5,5,breast;colon;kidney;lung;prostate,0,0,1,0.2,-0.09499169896646932,0.17648961827718915,0.584713314608095,0.9097566880678798,TRUE
MAOB,0.5,5,breast;colon;kidney;lung;prostate,ENSG00000066322,ELOVL1,5,breast;colon;kidney;lung;prostate,0,0,0,0,0.0022877998827778925,0.05611356443508787,0.5748984838651507,0.9146355858960732,TRUE
MAOB,0.5,5,breast;colon;kidney;lung;prostate,ENSG00000068903,SIRT2,5,breast;colon;kidney;lung;prostate,0,0,0,0,-0.06713276644318195,-0.031819929042361014,0.8022991217235007,0.9756111342193806,TRUE
MAOB,0.5,5,breast;colon;kidney;lung;prostate,ENSG00000071462,BUD23,5,breast;colon;kidney;lung;prostate,0,0,3,0.6,0.7019535035940474,0.5580986140262323,0.7322217985363793,0.930731625058475,TRUE
MAOB,0.5,5,breast;colon;kidney;lung;prostate,ENSG00000071894,CPSF1,5,breast;colon;kidney;lung;prostate,0,0,2,0.4,0.5314716327636816,0.5747557960302054,0.7103885944687993,0.7740942919473985,TRUE
MAOB,0.5,5,breast;colon;kidney;lung;prostate,ENSG00000074695,LMAN1,5,breast;colon;kidney;lung;prostate,0,0,1,0.2,0.3574547946953303,0.35675818655605585,0.6542655472730912,0.8556391185194624,TRUE
MAOB,0.5,5,breast;colon;kidney;lung;prostate,ENSG00000074842,MYDGF,5,breast;colon;kidney;lung;prostate,0,0,3,0.6,0.7840495846463426,0.6451652151257161,0.7659571438579856,0.840115951755692,TRUE
MAOB,0.5,5,breast;colon;kidney;lung;prostate,ENSG00000079432,CIC,5,breast;colon;kidney;lung;prostate,0,0,0,0,-0.03632025984740188,0.052061648681498915,0.6676884668375982,0.7995591792127124,TRUE
MAOB,0.5,5,breast;colon;kidney;lung;prostate,ENSG00000082996,RNF13,5,breast;colon;kidney;lung;prostate,0,0,0,0,-0.08157466111169703,-0.12007674803373768,0.5753989208501615,0.6633545705753433,TRUE
MAOB,0.5,5,breast;colon;kidney;lung;prostate,ENSG00000086666,ZFAND6,5,breast;colon;kidney;lung;prostate,0,0,0,0,-0.10096531937805632,-0.08535837024033635,0.845421248445619,0.9147619233186546,TRUE
MAOB,0.5,5,breast;colon;kidney;lung;prostate,ENSG00000087087,SRRT,5,breast;colon;kidney;lung;prostate,0,0,2,0.4,0.4836951131907166,0.3940133435345018,0.6535908488155493,0.8790640260073727,TRUE
MAOB,0.5,5,breast;colon;kidney;lung;prostate,ENSG00000089006,SNX5,5,breast;colon;kidney;lung;prostate,0,0,0,0,-0.10100355324978454,-0.06311331130994981,0.7024158227351821,0.9055854841792184,TRUE
MAOB,0.5,5,breast;colon;kidney;lung;prostate,ENSG00000090013,BLVRB,5,breast;colon;kidney;lung;prostate,0,0,0,0,-0.00135087511474925,0.05656444144564825,0.8011750748126119,0.8867272778232239,TRUE
MAOB,0.5,5,breast;colon;kidney;lung;prostate,ENSG00000090238,YPEL3,5,breast;colon;kidney;lung;prostate,0,0,0,0,-0.2668594478685432,-0.23841995636991856,0.7249399843802309,0.8919180370453473,TRUE
MAOB,0.5,5,breast;colon;kidney;lung;prostate,ENSG00000090372,STRN4,5,breast;colon;kidney;lung;prostate,0,0,0,0,0.3333932584801874,0.3421915816533231,0.6499802161001322,0.7601951763231461,TRUE
MAOB,0.5,5,breast;colon;kidney;lung;prostate,ENSG00000090621,PABPC4,5,breast;colon;kidney;lung;prostate,0,0,2,0.4,0.5117552118440734,0.44541457391433226,0.6996269150677553,0.8623380830448607,TRUE
MAOB,0.5,5,breast;colon;kidney;lung;prostate,ENSG00000099864,PALM,5,breast;colon;kidney;lung;prostate,4,0.8,0,0,-1.5241835458487305,-1.2864148556067376,0.5653466054908224,0.6456923475327497,TRUE
MAOB,0.5,5,breast;colon;kidney;lung;prostate,ENSG00000100225,FBXO7,5,breast;colon;kidney;lung;prostate,0,0,0,0,-0.16671641906788365,-0.20248503984305036,0.5898510076025835,0.8101196434291479,TRUE
MAOB,0.5,5,breast;colon;kidney;lung;prostate,ENSG00000100299,ARSA,5,breast;colon;kidney;lung;prostate,1,0.2,0,0,0.09154956675272122,-0.006012195204879017,0.8700772950473796,0.9920314104753476,TRUE
MAOB,0.5,5,breast;colon;kidney;lung;prostate,ENSG00000100401,RANGAP1,5,breast;colon;kidney;lung;prostate,0,0,3,0.6,0.7037749452591806,0.6367080213623646,0.5980991360892197,0.9530220491924728,TRUE
MAOB,0.5,5,breast;colon;kidney;lung;prostate,ENSG00000100567,PSMA3,5,breast;colon;kidney;lung;prostate,0,0,0,0,0.3462850443665534,0.27758123871318363,0.6693260438940206,0.7166252603115721,TRUE
MAOB,0.5,5,breast;colon;kidney;lung;prostate,ENSG00000100632,ERH,5,breast;colon;kidney;lung;prostate,0,0,3,0.6,0.6209832217626469,0.4842529559474534,0.641302113028179,0.7806585389177887,TRUE
MAOB,0.5,5,breast;colon;kidney;lung;prostate,ENSG00000101474,APMAP,5,breast;colon;kidney;lung;prostate,0,0,1,0.2,0.43132711752257735,0.45231913173848326,0.5703269736409049,0.7825603092799216,TRUE
MAOB,0.5,5,breast;colon;kidney;lung;prostate,ENSG00000102038,SMARCA1,5,breast;colon;kidney;lung;prostate,2,0.4,0,0,-0.5809542352573619,-0.4254722329966141,0.7547860599352247,0.9258999873589338,TRUE
MAOB,0.5,5,breast;colon;kidney;lung;prostate,ENSG00000102225,CDK16,5,breast;colon;kidney;lung;prostate,0,0,2,0.4,0.4728285451784072,0.4122092827705301,0.5708979406395828,0.8047952587497065,TRUE
MAOB,0.5,5,breast;colon;kidney;lung;prostate,ENSG00000102241,HTATSF1,5,breast;colon;kidney;lung;prostate,0,0,0,0,0.17235248199149383,0.08732279883759925,0.6530444438385575,0.8411292201666207,TRUE
MAOB,0.5,5,breast;colon;kidney;lung;prostate,ENSG00000103197,TSC2,5,breast;colon;kidney;lung;prostate,0,0,0,0,0.017642003575937537,0.09265751827445173,0.7278225544815754,0.865100986170317,TRUE
MAOB,0.5,5,breast;colon;kidney;lung;prostate,ENSG00000104324,CPQ,5,breast;colon;kidney;lung;prostate,4,0.8,0,0,-0.6537832193180965,-0.6802182694536746,0.7451318164500579,0.8479376601437064,TRUE
MAOB,0.5,5,breast;colon;kidney;lung;prostate,ENSG00000104812,GYS1,5,breast;colon;kidney;lung;prostate,0,0,2,0.4,0.17212180377838532,0.31986262876982396,0.7162932693515327,0.8773321872459944,TRUE
MAOB,0.5,5,breast;colon;kidney;lung;prostate,ENSG00000105443,CYTH2,5,breast;colon;kidney;lung;prostate,0,0,0,0,0.32622642880623903,0.26331319319646534,0.7526607104206728,0.8275906000077392,TRUE
MAOB,0.5,5,breast;colon;kidney;lung;prostate,ENSG00000106105,GARS1,5,breast;colon;kidney;lung;prostate,0,0,4,0.8,0.9382046237176052,0.8660341962518318,0.7795242166826418,0.859090042898365,TRUE
MAOB,0.5,5,breast;colon;kidney;lung;prostate,ENSG00000106723,SPIN1,5,breast;colon;kidney;lung;prostate,0,0,0,0,-0.16006445864259675,-0.12603926612171948,0.7902026485768523,0.909775895715233,TRUE
MAOB,0.5,5,breast;colon;kidney;lung;prostate,ENSG00000106803,SEC61B,5,breast;colon;kidney;lung;prostate,0,0,0,0,0.24721417514776536,0.29723070390717793,0.8217745540133914,0.9276515967189964,TRUE
MAOB,0.5,5,breast;colon;kidney;lung;prostate,ENSG00000107140,TESK1,5,breast;colon;kidney;lung;prostate,0,0,0,0,0.04073173204116635,0.0701989285431122,0.7446691835977792,0.9378500080205308,TRUE
MAOB,0.5,5,breast;colon;kidney;lung;prostate,ENSG00000107745,MICU1,5,breast;colon;kidney;lung;prostate,0,0,0,0,-0.18472537538271705,-0.05602864494845003,0.6192698936478028,0.8496854068761283,TRUE
MAOB,0.5,5,breast;colon;kidney;lung;prostate,ENSG00000108100,CCNY,5,breast;colon;kidney;lung;prostate,0,0,0,0,-0.04571695165570533,-0.07514507961602376,0.8145628539312022,0.935891056202368,TRUE
MAOB,0.5,5,breast;colon;kidney;lung;prostate,ENSG00000108262,GIT1,5,breast;colon;kidney;lung;prostate,0,0,1,0.2,0.4069596660243449,0.41622068802141515,0.6656686200768626,0.9651727618536268,TRUE
MAOB,0.5,5,breast;colon;kidney;lung;prostate,ENSG00000108509,CAMTA2,5,breast;colon;kidney;lung;prostate,2,0.4,0,0,-0.4571023496684012,-0.383431363903957,0.766830367235982,0.9945435379708192,TRUE
MAOB,0.5,5,breast;colon;kidney;lung;prostate,ENSG00000108561,C1QBP,5,breast;colon;kidney;lung;prostate,0,0,2,0.4,0.4700327026087649,0.39481443757948426,0.6133425362662008,0.8347706893528285,TRUE
MAOB,0.5,5,breast;colon;kidney;lung;prostate,ENSG00000108799,EZH1,5,breast;colon;kidney;lung;prostate,2,0.4,0,0,-0.50054769027935,-0.6450565615023112,0.7317278230198463,0.8034641185616131,TRUE
MAOB,0.5,5,breast;colon;kidney;lung;prostate,ENSG00000108848,LUC7L3,5,breast;colon;kidney;lung;prostate,0,0,0,0,0.09366756516011798,0.12406829636882107,0.7316762603504343,0.8723680258797043,TRUE
MAOB,0.5,5,breast;colon;kidney;lung;prostate,ENSG00000111269,CREBL2,5,breast;colon;kidney;lung;prostate,1,0.2,0,0,-0.4953218666628553,-0.34292692756962956,0.49426333707137815,0.6935396531921247,TRUE
MAOB,0.5,5,breast;colon;kidney;lung;prostate,ENSG00000112983,BRD8,5,breast;colon;kidney;lung;prostate,0,0,0,0,0.132695048537689,0.1452312425873914,0.7256055552446913,0.8782962691266236,TRUE
MAOB,0.5,5,breast;colon;kidney;lung;prostate,ENSG00000113387,SUB1,5,breast;colon;kidney;lung;prostate,0,0,1,0.2,0.04302595695156229,0.18420851294597035,0.48697485724735345,0.8780775186501881,TRUE
MAOB,0.5,5,breast;colon;kidney;lung;prostate,ENSG00000113643,RARS1,5,breast;colon;kidney;lung;prostate,0,0,1,0.2,0.3678836450330183,0.4312822348633548,0.6065765548238035,0.824684449925364,TRUE
MAOB,0.5,5,breast;colon;kidney;lung;prostate,ENSG00000113758,DBN1,5,breast;colon;kidney;lung;prostate,0,0,1,0.2,0.37477153251066553,0.39592041457180666,0.8327041815768635,0.9140294795577136,TRUE
MAOB,0.5,5,breast;colon;kidney;lung;prostate,ENSG00000114626,ABTB1,5,breast;colon;kidney;lung;prostate,2,0.4,0,0,-0.3940476707181945,-0.4536910402301783,0.7637736207888509,0.9691807572383292,TRUE
MAOB,0.5,5,breast;colon;kidney;lung;prostate,ENSG00000114686,MRPL3,5,breast;colon;kidney;lung;prostate,0,0,3,0.6,0.7711796882669814,0.6766569584193816,0.6890596001271536,0.8046243606419468,TRUE
MAOB,0.5,5,breast;colon;kidney;lung;prostate,ENSG00000115685,PPP1R7,5,breast;colon;kidney;lung;prostate,0,0,0,0,0.01393418498797829,0.06496947880965724,0.5580379398104187,1.023156321712128,TRUE
MAOB,0.5,5,breast;colon;kidney;lung;prostate,ENSG00000115866,DARS1,5,breast;colon;kidney;lung;prostate,0,0,3,0.6,0.5893024771559356,0.42651527469832606,0.4448200303814193,0.5069042504327664,TRUE
MAOB,0.5,5,breast;colon;kidney;lung;prostate,ENSG00000116221,MRPL37,5,breast;colon;kidney;lung;prostate,0,0,1,0.2,0.47938105096727135,0.49883502758345344,0.8350927792415688,0.9644842331439608,TRUE
MAOB,0.5,5,breast;colon;kidney;lung;prostate,ENSG00000116898,MRPS15,5,breast;colon;kidney;lung;prostate,0,0,0,0,0.25915710142157233,0.26922656060705863,0.6252540829060508,0.8516071465521194,TRUE
MAOB,0.5,5,breast;colon;kidney;lung;prostate,ENSG00000119669,IRF2BPL,5,breast;colon;kidney;lung;prostate,1,0.2,0,0,-0.16592756403625888,-0.18506243739494235,0.791802675133059,0.923545941688089,TRUE
MAOB,0.5,5,breast;colon;kidney;lung;prostate,ENSG00000122490,SLC66A2,5,breast;colon;kidney;lung;prostate,1,0.2,0,0,-0.48660747952915784,-0.43440818063225217,0.8148600017663209,0.9129717291178532,TRUE
MAOB,0.5,5,breast;colon;kidney;lung;prostate,ENSG00000122565,CBX3,5,breast;colon;kidney;lung;prostate,0,0,3,0.6,0.9452369768299858,0.7602955036595389,0.5112594467973871,0.8137928809838019,TRUE
MAOB,0.5,5,breast;colon;kidney;lung;prostate,ENSG00000122642,FKBP9,5,breast;colon;kidney;lung;prostate,0,0,1,0.2,0.2931752175097469,0.20481727896530016,0.6213120117695388,0.7767212344439139,TRUE
MAOB,0.5,5,breast;colon;kidney;lung;prostate,ENSG00000123933,MXD4,5,breast;colon;kidney;lung;prostate,1,0.2,0,0,-0.2570783700459461,-0.19031584737142784,0.54257545444693,0.7782083310930104,TRUE
MAOB,0.5,5,breast;colon;kidney;lung;prostate,ENSG00000124181,PLCG1,5,breast;colon;kidney;lung;prostate,0,0,1,0.2,0.12152162595921052,0.32750665083932806,0.7917957498751843,0.9506873872128256,TRUE
MAOB,0.5,5,breast;colon;kidney;lung;prostate,ENSG00000124207,CSE1L,5,breast;colon;kidney;lung;prostate,0,0,3,0.6,0.8974116934705906,0.6879892359204017,0.6221847505656903,0.8934491777772098,TRUE
MAOB,0.5,5,breast;colon;kidney;lung;prostate,ENSG00000124226,RNF114,5,breast;colon;kidney;lung;prostate,0,0,1,0.2,0.011439951206307461,0.22691929690852897,0.6007847615441347,0.7651164098079889,TRUE
MAOB,0.5,5,breast;colon;kidney;lung;prostate,ENSG00000124702,KLHDC3,5,breast;colon;kidney;lung;prostate,0,0,0,0,0.03439424005883913,0.01714973041619707,0.6262137787438132,0.8251705034671394,TRUE
MAOB,0.5,5,breast;colon;kidney;lung;prostate,ENSG00000125977,EIF2S2,5,breast;colon;kidney;lung;prostate,0,0,1,0.2,0.49591750201354895,0.47959368559223964,0.595131111261602,0.6427442982926402,TRUE
MAOB,0.5,5,breast;colon;kidney;lung;prostate,ENSG00000126457,PRMT1,5,breast;colon;kidney;lung;prostate,0,0,2,0.4,0.3925806519138255,0.5399563351073532,0.5874137012744416,0.7417229482421951,TRUE
MAOB,0.5,5,breast;colon;kidney;lung;prostate,ENSG00000128928,IVD,5,breast;colon;kidney;lung;prostate,2,0.4,0,0,-0.21996065647034216,-0.22698477814716278,0.7659091144927368,0.9424315339333804,TRUE
MAOB,0.5,5,breast;colon;kidney;lung;prostate,ENSG00000128989,ARPP19,5,breast;colon;kidney;lung;prostate,0,0,0,0,-0.03085943189451932,-0.06182212989126646,0.7723971938965658,0.9193942926482536,TRUE
MAOB,0.5,5,breast;colon;kidney;lung;prostate,ENSG00000129515,SNX6,5,breast;colon;kidney;lung;prostate,0,0,0,0,0.03539830337288989,-0.028699322308190306,0.7402171531794329,0.8924423501795835,TRUE
MAOB,0.5,5,breast;colon;kidney;lung;prostate,ENSG00000131473,ACLY,5,breast;colon;kidney;lung;prostate,0,0,3,0.6,0.5977669806549281,0.689701539859749,0.5497741996512975,0.8765773062496003,TRUE
MAOB,0.5,5,breast;colon;kidney;lung;prostate,ENSG00000131669,NINJ1,5,breast;colon;kidney;lung;prostate,0,0,0,0,0.009515872811765927,0.0984979818865328,0.6089275123543731,0.7996163441084629,TRUE
MAOB,0.5,5,breast;colon;kidney;lung;prostate,ENSG00000132153,DHX30,5,breast;colon;kidney;lung;prostate,0,0,1,0.2,0.17311930537891326,0.24684493300941465,0.7934194903796169,0.9640542707256576,TRUE
MAOB,0.5,5,breast;colon;kidney;lung;prostate,ENSG00000132823,OSER1,5,breast;colon;kidney;lung;prostate,0,0,2,0.4,0.3004588695358094,0.3803636310346771,0.6256909934667052,0.8343664269174194,TRUE
MAOB,0.5,5,breast;colon;kidney;lung;prostate,ENSG00000133275,CSNK1G2,5,breast;colon;kidney;lung;prostate,0,0,1,0.2,0.3114036941867854,0.4094288795416545,0.6047295623751039,0.875382000158216,TRUE
MAOB,0.5,5,breast;colon;kidney;lung;prostate,ENSG00000135446,CDK4,5,breast;colon;kidney;lung;prostate,0,0,2,0.4,0.47375405955603134,0.7411869645019643,0.7410438936681342,0.9293642351996748,TRUE
MAOB,0.5,5,breast;colon;kidney;lung;prostate,ENSG00000136628,EPRS1,5,breast;colon;kidney;lung;prostate,0,0,2,0.4,0.41057929287030864,0.5518905414210058,0.7383466419781494,0.9135534758622806,TRUE
MAOB,0.5,5,breast;colon;kidney;lung;prostate,ENSG00000136813,ECPAS,5,breast;colon;kidney;lung;prostate,0,0,0,0,-0.0442158441625665,0.06631467240631067,0.6040591392832959,0.8854995592628927,TRUE
MAOB,0.5,5,breast;colon;kidney;lung;prostate,ENSG00000136877,FPGS,5,breast;colon;kidney;lung;prostate,0,0,1,0.2,0.12654082051988755,0.2963394727721289,0.8430462546266896,0.9642935646421008,TRUE
MAOB,0.5,5,breast;colon;kidney;lung;prostate,ENSG00000137106,GRHPR,5,breast;colon;kidney;lung;prostate,1,0.2,0,0,0.01216504630580599,-0.05596890419586246,0.7994219791547508,0.911657568089832,TRUE
MAOB,0.5,5,breast;colon;kidney;lung;prostate,ENSG00000137161,CNPY3,5,breast;colon;kidney;lung;prostate,0,0,3,0.6,0.6114682572700354,0.5113211446475796,0.7257579057781948,0.8306078450198449,TRUE
MAOB,0.5,5,breast;colon;kidney;lung;prostate,ENSG00000137200,CMTR1,5,breast;colon;kidney;lung;prostate,0,0,0,0,0.047516248324911844,0.07905269828300829,0.6464922403884675,0.9789635551178637,TRUE
MAOB,0.5,5,breast;colon;kidney;lung;prostate,ENSG00000138363,ATIC,5,breast;colon;kidney;lung;prostate,0,0,3,0.6,0.9365450965795864,0.6458274623985599,0.5882893409879038,0.6875172547106767,TRUE
MAOB,0.5,5,breast;colon;kidney;lung;prostate,ENSG00000138385,SSB,5,breast;colon;kidney;lung;prostate,0,0,1,0.2,0.17683266544634016,0.24668645323000785,0.6420050751733632,0.8581467630415244,TRUE
MAOB,0.5,5,breast;colon;kidney;lung;prostate,ENSG00000138448,ITGAV,5,breast;colon;kidney;lung;prostate,0,0,1,0.2,0.1356418675624651,0.32037512809336743,0.7871530458869409,0.9105675807242944,TRUE
MAOB,0.5,5,breast;colon;kidney;lung;prostate,ENSG00000138768,USO1,5,breast;colon;kidney;lung;prostate,0,0,0,0,0.18724223229570125,0.1436298758825848,0.5068013940903666,0.7173143250804852,TRUE
MAOB,0.5,5,breast;colon;kidney;lung;prostate,ENSG00000138801,PAPSS1,5,breast;colon;kidney;lung;prostate,1,0.2,1,0.2,0.06054938355487061,-0.01876933359017465,0.7217896675208901,0.9484391850288914,TRUE
MAOB,0.5,5,breast;colon;kidney;lung;prostate,ENSG00000141644,MBD1,5,breast;colon;kidney;lung;prostate,0,0,0,0,-0.1600108289031348,-0.06289295667750008,0.7731713389260846,0.960373379318184,TRUE
MAOB,0.5,5,breast;colon;kidney;lung;prostate,ENSG00000141985,SH3GL1,5,breast;colon;kidney;lung;prostate,0,0,4,0.8,0.6690178532672366,0.5440186509447005,0.7757132756266412,0.954290900134692,TRUE
MAOB,0.5,5,breast;colon;kidney;lung;prostate,ENSG00000142188,TMEM50B,5,breast;colon;kidney;lung;prostate,2,0.4,0,0,-0.43076453319463054,-0.4728373583888862,0.7513122067725576,0.8472401143211744,TRUE
MAOB,0.5,5,breast;colon;kidney;lung;prostate,ENSG00000143862,ARL8A,5,breast;colon;kidney;lung;prostate,0,0,0,0,0.09507015821340031,0.22169293269172088,0.8050496073466625,0.9494916813255306,TRUE
MAOB,0.5,5,breast;colon;kidney;lung;prostate,ENSG00000146729,NIPSNAP2,5,breast;colon;kidney;lung;prostate,0,0,0,0,0.07176285186192358,0.16745156768901173,0.5028545415369805,0.83933331011479,TRUE
MAOB,0.5,5,breast;colon;kidney;lung;prostate,ENSG00000146834,MEPCE,5,breast;colon;kidney;lung;prostate,0,0,0,0,0.1172652072302782,0.14305997253824168,0.5459973093839418,0.8328492996491853,TRUE
MAOB,0.5,5,breast;colon;kidney;lung;prostate,ENSG00000148218,ALAD,5,breast;colon;kidney;lung;prostate,4,0.8,0,0,-0.6628552954591299,-0.8079913452715349,0.6625937232974964,0.8588472030785478,TRUE
MAOB,0.5,5,breast;colon;kidney;lung;prostate,ENSG00000149091,DGKZ,5,breast;colon;kidney;lung;prostate,0,0,2,0.4,0.4218431951886891,0.39924593306578726,0.759543916301367,0.9409998589457708,TRUE
MAOB,0.5,5,breast;colon;kidney;lung;prostate,ENSG00000149100,EIF3M,5,breast;colon;kidney;lung;prostate,0,0,1,0.2,0.18212842741525417,0.31102812264028434,0.770466175064394,0.9222662132850352,TRUE
MAOB,0.5,5,breast;colon;kidney;lung;prostate,ENSG00000149187,CELF1,5,breast;colon;kidney;lung;prostate,0,0,0,0,0.1657000006861403,0.1843488987132024,0.817845901058919,0.9218470882389956,TRUE
MAOB,0.5,5,breast;colon;kidney;lung;prostate,ENSG00000151239,TWF1,5,breast;colon;kidney;lung;prostate,0,0,3,0.6,0.6037361753192504,0.37719420834479384,0.8479240431099937,0.9383978110793608,TRUE
MAOB,0.5,5,breast;colon;kidney;lung;prostate,ENSG00000151348,EXT2,5,breast;colon;kidney;lung;prostate,0,0,0,0,0.1849192593633778,0.18895481281960352,0.7059031601824937,0.8858209902479277,TRUE
MAOB,0.5,5,breast;colon;kidney;lung;prostate,ENSG00000151929,BAG3,5,breast;colon;kidney;lung;prostate,0,0,0,0,0.06135477485511241,-0.03362065740877659,0.6587701279598197,0.7664248883947833,TRUE
MAOB,0.5,5,breast;colon;kidney;lung;prostate,ENSG00000156171,DRAM2,5,breast;colon;kidney;lung;prostate,0,0,0,0,-0.03431691815914522,-0.06112398063938084,0.767232441895564,0.9006765098440992,TRUE
MAOB,0.5,5,breast;colon;kidney;lung;prostate,ENSG00000156261,CCT8,5,breast;colon;kidney;lung;prostate,0,0,2,0.4,0.5621437056144806,0.490453768928679,0.5205342352782398,0.8732862257721176,TRUE
MAOB,0.5,5,breast;colon;kidney;lung;prostate,ENSG00000156860,FBRS,5,breast;colon;kidney;lung;prostate,0,0,1,0.2,0.1381484971557288,0.24749797258644496,0.6989099087623063,0.9801911500009984,TRUE
MAOB,0.5,5,breast;colon;kidney;lung;prostate,ENSG00000157020,SEC13,5,breast;colon;kidney;lung;prostate,0,0,1,0.2,0.3294712506858657,0.3356993699430119,0.6085475587684083,0.8432058242022697,TRUE
MAOB,0.5,5,breast;colon;kidney;lung;prostate,ENSG00000157593,SLC35B2,5,breast;colon;kidney;lung;prostate,0,0,2,0.4,0.560402239309563,0.4933285699021334,0.6351376111689332,0.976476166282134,TRUE
MAOB,0.5,5,breast;colon;kidney;lung;prostate,ENSG00000158669,GPAT4,5,breast;colon;kidney;lung;prostate,0,0,1,0.2,0.3332654739419295,0.3672996066695357,0.8414954393140056,0.982155209084846,TRUE
MAOB,0.5,5,breast;colon;kidney;lung;prostate,ENSG00000159128,IFNGR2,5,breast;colon;kidney;lung;prostate,0,0,0,0,0.40859007610640913,0.2654812669914641,0.8116075705387908,0.8608709824929262,TRUE
MAOB,0.5,5,breast;colon;kidney;lung;prostate,ENSG00000159348,CYB5R1,5,breast;colon;kidney;lung;prostate,0,0,0,0,-0.0875236553849165,0.001335359676411696,0.7756547031235714,0.9178926513762792,TRUE
MAOB,0.5,5,breast;colon;kidney;lung;prostate,ENSG00000162729,IGSF8,5,breast;colon;kidney;lung;prostate,0,0,1,0.2,0.367346737212918,0.3799587308685372,0.5645020451093083,0.9605711425610672,TRUE
MAOB,0.5,5,breast;colon;kidney;lung;prostate,ENSG00000163636,PSMD6,5,breast;colon;kidney;lung;prostate,0,0,0,0,0.05189204902013941,0.07471606182994955,0.5699386046178078,0.7603897391950281,TRUE
MAOB,0.5,5,breast;colon;kidney;lung;prostate,ENSG00000163930,BAP1,5,breast;colon;kidney;lung;prostate,0,0,0,0,0.040151560219147495,0.08078757732121715,0.4923874839786231,0.775191664228703,TRUE
MAOB,0.5,5,breast;colon;kidney;lung;prostate,ENSG00000165732,DDX21,5,breast;colon;kidney;lung;prostate,0,0,1,0.2,0.3669884949549706,0.46149716096653354,0.816146436074935,0.9599696503160303,TRUE
MAOB,0.5,5,breast;colon;kidney;lung;prostate,ENSG00000165801,ARHGEF40,5,breast;colon;kidney;lung;prostate,3,0.6,0,0,-0.6817225119016705,-0.6989097246057236,0.7352670509216569,0.9952465995539528,TRUE
MAOB,0.5,5,breast;colon;kidney;lung;prostate,ENSG00000166197,NOLC1,5,breast;colon;kidney;lung;prostate,0,0,3,0.6,0.6566504721667794,0.5692762370896058,0.609378497163673,0.8313963716088832,TRUE
MAOB,0.5,5,breast;colon;kidney;lung;prostate,ENSG00000166226,CCT2,5,breast;colon;kidney;lung;prostate,0,0,3,0.6,0.6949855338015325,0.6107616760109054,0.46616374423293405,0.8625075173968418,TRUE
MAOB,0.5,5,breast;colon;kidney;lung;prostate,ENSG00000166848,TERF2IP,5,breast;colon;kidney;lung;prostate,0,0,0,0,-0.1249997010214088,-0.13796207321944026,0.5530044163037509,0.7498588707378864,TRUE
MAOB,0.5,5,breast;colon;kidney;lung;prostate,ENSG00000166987,MBD6,5,breast;colon;kidney;lung;prostate,0,0,0,0,0.20599923652861535,0.16862718305874136,0.5736334718218608,0.7644954051391812,TRUE
MAOB,0.5,5,breast;colon;kidney;lung;prostate,ENSG00000167110,GOLGA2,5,breast;colon;kidney;lung;prostate,0,0,0,0,0.3191505983620744,0.23422353943952282,0.7490204009519098,0.8485565592813091,TRUE
MAOB,0.5,5,breast;colon;kidney;lung;prostate,ENSG00000167778,SPRYD3,5,breast;colon;kidney;lung;prostate,0,0,0,0,-0.08271851331251451,-0.0835778560047648,0.8518047030188127,0.9814167120692878,TRUE
MAOB,0.5,5,breast;colon;kidney;lung;prostate,ENSG00000168488,ATXN2L,5,breast;colon;kidney;lung;prostate,0,0,3,0.6,0.6088769413808371,0.5849787404737818,0.7665979056741065,0.8585209033710484,TRUE
MAOB,0.5,5,breast;colon;kidney;lung;prostate,ENSG00000168958,MFF,5,breast;colon;kidney;lung;prostate,0,0,0,0,0.01584239622392413,0.04988075608342371,0.520563758577891,0.8502990873949493,TRUE
MAOB,0.5,5,breast;colon;kidney;lung;prostate,ENSG00000169221,TBC1D10B,5,breast;colon;kidney;lung;prostate,0,0,2,0.4,0.4205791395232684,0.3983183411444264,0.734606507139132,0.974553068813806,TRUE
MAOB,0.5,5,breast;colon;kidney;lung;prostate,ENSG00000169439,SDC2,5,breast;colon;kidney;lung;prostate,3,0.6,0,0,-0.6266973638144793,-0.5161727449106183,0.5811244057196968,0.8746067162094626,TRUE
MAOB,0.5,5,breast;colon;kidney;lung;prostate,ENSG00000170515,PA2G4,5,breast;colon;kidney;lung;prostate,0,0,2,0.4,0.48834209365409975,0.5533271523191153,0.5985658354282944,0.725743189397069,TRUE
MAOB,0.5,5,breast;colon;kidney;lung;prostate,ENSG00000173418,NAA20,5,breast;colon;kidney;lung;prostate,0,0,3,0.6,0.5875648102140112,0.46571313820110505,0.6177213621157321,0.8522214342164097,TRUE
MAOB,0.5,5,breast;colon;kidney;lung;prostate,ENSG00000174574,AKIRIN1,5,breast;colon;kidney;lung;prostate,1,0.2,0,0,-0.25938395338818826,-0.3133686339811017,0.6394121287670881,0.9113746431418364,TRUE
MAOB,0.5,5,breast;colon;kidney;lung;prostate,ENSG00000174780,SRP72,5,breast;colon;kidney;lung;prostate,0,0,0,0,0.3880655005643768,0.3778901675827381,0.7364513855808803,0.9481408210279983,TRUE
MAOB,0.5,5,breast;colon;kidney;lung;prostate,ENSG00000175756,AURKAIP1,5,breast;colon;kidney;lung;prostate,0,0,0,0,0.16607930345617689,0.19324019938772732,0.6932379391376955,0.9963311404316112,TRUE
MAOB,0.5,5,breast;colon;kidney;lung;prostate,ENSG00000177889,UBE2N,5,breast;colon;kidney;lung;prostate,0,0,1,0.2,0.29913019009077463,0.2696015261992191,0.5999866881053962,0.8985994183888804,TRUE
MAOB,0.5,5,breast;colon;kidney;lung;prostate,ENSG00000178927,CYBC1,5,breast;colon;kidney;lung;prostate,0,0,2,0.4,0.5266577767259545,0.5619411917064668,0.7897097982457635,0.8886438801080389,TRUE
MAOB,0.5,5,breast;colon;kidney;lung;prostate,ENSG00000179051,RCC2,5,breast;colon;kidney;lung;prostate,0,0,3,0.6,0.9387405997612336,0.8325786142266793,0.7092320985186874,0.9316315914650852,TRUE
MAOB,0.5,5,breast;colon;kidney;lung;prostate,ENSG00000179222,MAGED1,5,breast;colon;kidney;lung;prostate,0,0,2,0.4,0.4110833233451624,0.4560553418140404,0.6730958073441683,0.9003033937177317,TRUE
MAOB,0.5,5,breast;colon;kidney;lung;prostate,ENSG00000179364,PACS2,5,breast;colon;kidney;lung;prostate,0,0,0,0,0.0342287203708802,0.06521850851456268,0.7338850432805978,1.0142078138565036,TRUE
MAOB,0.5,5,breast;colon;kidney;lung;prostate,ENSG00000179526,SHARPIN,5,breast;colon;kidney;lung;prostate,0,0,1,0.2,0.3895691562732758,0.4263811713021709,0.77601045566233,1.0182102715116832,TRUE
MAOB,0.5,5,breast;colon;kidney;lung;prostate,ENSG00000180398,MCFD2,5,breast;colon;kidney;lung;prostate,0,0,0,0,-0.02952375679313894,0.0879376090479235,0.5147929717364861,0.604757289769602,TRUE
MAOB,0.5,5,breast;colon;kidney;lung;prostate,ENSG00000182004,SNRPE,5,breast;colon;kidney;lung;prostate,0,0,3,0.6,0.8096352947879065,0.6805717204408483,0.6849815438805074,0.9084355938859884,TRUE
MAOB,0.5,5,breast;colon;kidney;lung;prostate,ENSG00000183020,AP2A2,5,breast;colon;kidney;lung;prostate,0,0,0,0,-0.12809001252278956,-0.12630974033988307,0.5874232878087992,0.8441143115775012,TRUE
MAOB,0.5,5,breast;colon;kidney;lung;prostate,ENSG00000183864,TOB2,5,breast;colon;kidney;lung;prostate,0,0,0,0,-0.2569180264044333,-0.24160058650713884,0.6454015886716417,0.8724734273010305,TRUE
MAOB,0.5,5,breast;colon;kidney;lung;prostate,ENSG00000185122,HSF1,5,breast;colon;kidney;lung;prostate,0,0,1,0.2,0.4243977888560265,0.4259596288595764,0.8074996021169865,0.9002059083858118,TRUE
MAOB,0.5,5,breast;colon;kidney;lung;prostate,ENSG00000185721,DRG1,5,breast;colon;kidney;lung;prostate,0,0,1,0.2,0.23780310100305002,0.30273570248620596,0.8169970268789144,0.9343808311606847,TRUE
MAOB,0.5,5,breast;colon;kidney;lung;prostate,ENSG00000186660,ZFP91,5,breast;colon;kidney;lung;prostate,1,0.2,0,0,0.05776053002302286,-0.06609821311477379,0.625281341515062,0.8394186835386036,TRUE
MAOB,0.5,5,breast;colon;kidney;lung;prostate,ENSG00000186815,TPCN1,5,breast;colon;kidney;lung;prostate,0,0,0,0,-0.4130180132323951,-0.3332154910905138,0.5922470363563366,0.8064884878301599,TRUE
MAOB,0.5,5,breast;colon;kidney;lung;prostate,ENSG00000186918,ZNF395,5,breast;colon;kidney;lung;prostate,1,0.2,0,0,-0.19740693964329972,-0.1633656591735897,0.772705875605235,0.9550279767501856,TRUE
MAOB,0.5,5,breast;colon;kidney;lung;prostate,ENSG00000187735,TCEA1,5,breast;colon;kidney;lung;prostate,0,0,0,0,0.31485021597950796,0.31252205943985945,0.7263494056118366,0.9641557671345048,TRUE
MAOB,0.5,5,breast;colon;kidney;lung;prostate,ENSG00000189077,TMEM120A,5,breast;colon;kidney;lung;prostate,1,0.2,0,0,-0.05387399315730245,-0.21773079458410566,0.6061518180953479,0.8067392969436125,TRUE
MAOB,0.5,5,breast;colon;kidney;lung;prostate,ENSG00000189241,TSPYL1,5,breast;colon;kidney;lung;prostate,1,0.2,0,0,-0.4327374904588208,-0.3909756942372081,0.5678745144175306,0.8864341664746065,TRUE
MAOB,0.5,5,breast;colon;kidney;lung;prostate,ENSG00000196305,IARS1,5,breast;colon;kidney;lung;prostate,0,0,3,0.6,0.6123219185139734,0.651502370737496,0.6583374341688458,0.8171943222922533,TRUE
MAOB,0.5,5,breast;colon;kidney;lung;prostate,ENSG00000196365,LONP1,5,breast;colon;kidney;lung;prostate,0,0,1,0.2,0.4726450339150707,0.5214826333508328,0.5518856521579586,0.8621505705203443,TRUE
MAOB,0.5,5,breast;colon;kidney;lung;prostate,ENSG00000196704,AMZ2,5,breast;colon;kidney;lung;prostate,0,0,1,0.2,0.4283777202291013,0.3874331919272781,0.637676263243712,0.915367626884957,TRUE
MAOB,0.5,5,breast;colon;kidney;lung;prostate,ENSG00000198176,TFDP1,5,breast;colon;kidney;lung;prostate,0,0,2,0.4,0.5180429978842962,0.4807707990886637,0.7163437956002311,0.8688027649846618,TRUE
MAOB,0.5,5,breast;colon;kidney;lung;prostate,ENSG00000198612,COPS8,5,breast;colon;kidney;lung;prostate,0,0,0,0,0.4108911851646342,0.23266714031317148,0.7489335791220433,0.8441223941914826,TRUE
MAOB,0.5,5,breast;colon;kidney;lung;prostate,ENSG00000198856,OSTC,5,breast;colon;kidney;lung;prostate,0,0,2,0.4,0.3046267886840356,0.4875354049464486,0.5723086302662713,0.6598447240701384,TRUE
MAOB,0.5,5,breast;colon;kidney;lung;prostate,ENSG00000204356,NELFE,5,breast;colon;kidney;lung;prostate,0,0,0,0,0.3810443460081299,0.2941498715032372,0.5305706137241151,0.6853064199378887,TRUE
MAOB,0.5,5,breast;colon;kidney;lung;prostate,ENSG00000204394,VARS1,5,breast;colon;kidney;lung;prostate,0,0,3,0.6,0.6055006002611668,0.7466898490610756,0.7149896654600438,0.8782532060924685,TRUE
MAOB,0.5,5,breast;colon;kidney;lung;prostate,ENSG00000220205,VAMP2,5,breast;colon;kidney;lung;prostate,4,0.8,0,0,-1.0198897018742958,-0.9118448020387631,0.7024821487237205,0.794611350372422,TRUE
MAOB,0.5,5,breast;colon;kidney;lung;prostate,ENSG00000265354,TIMM23,5,breast;colon;kidney;lung;prostate,0,0,2,0.4,0.437446212748873,0.3822220933901852,0.7464321612853363,1.0242258387372944,TRUE
MAOB,0.6,6,breast;colon;esophagus;kidney;lung;prostate,ENSG00000003056,M6PR,6,breast;colon;esophagus;kidney;lung;prostate,0,0,0,0,0.26404331417419125,0.19388206996754395,0.6987432257816144,0.8482888227292638,TRUE
MAOB,0.6,6,breast;colon;esophagus;kidney;lung;prostate,ENSG00000004487,KDM1A,6,breast;colon;esophagus;kidney;lung;prostate,0,0,2,0.3333333333333333,0.513881255122467,0.5070283245737736,0.5781941575063145,0.9396079019100416,TRUE
MAOB,0.6,6,breast;colon;esophagus;kidney;lung;prostate,ENSG00000005812,FBXL3,6,breast;colon;esophagus;kidney;lung;prostate,1,0.16666666666666666,0,0,-0.3222820203265712,-0.3908406421807702,0.833851207779697,1.0381632592287082,TRUE
MAOB,0.6,6,breast;colon;esophagus;kidney;lung;prostate,ENSG00000008130,NADK,6,breast;colon;esophagus;kidney;lung;prostate,0,0,0,0,0.0025391671183252404,-0.005536541985763735,0.7962532488991764,0.9618090959877146,TRUE
MAOB,0.6,6,breast;colon;esophagus;kidney;lung;prostate,ENSG00000019144,PHLDB1,6,breast;colon;esophagus;kidney;lung;prostate,1,0.16666666666666666,0,0,-0.5480175963264728,-0.61126009343517,0.7386042928203902,1.0051066422284065,TRUE
MAOB,0.6,6,breast;colon;esophagus;kidney;lung;prostate,ENSG00000065150,IPO5,6,breast;colon;esophagus;kidney;lung;prostate,0,0,1,0.16666666666666666,-0.05146053915386378,0.14575311867411456,0.645808371954539,0.951283658686759,TRUE
MAOB,0.6,6,breast;colon;esophagus;kidney;lung;prostate,ENSG00000066322,ELOVL1,6,breast;colon;esophagus;kidney;lung;prostate,0,0,0,0,0.07289893332617295,0.07067964815750122,0.6330296576115207,0.9236855263433708,TRUE
MAOB,0.6,6,breast;colon;esophagus;kidney;lung;prostate,ENSG00000082996,RNF13,6,breast;colon;esophagus;kidney;lung;prostate,0,0,0,0,-0.07206980693291874,-0.10532747701839928,0.6566444103683258,1.0628718579591472,TRUE
MAOB,0.6,6,breast;colon;esophagus;kidney;lung;prostate,ENSG00000087087,SRRT,6,breast;colon;esophagus;kidney;lung;prostate,0,0,3,0.5,0.5551926155600874,0.43360381187364505,0.7169382902093604,1.0336754971784157,TRUE
MAOB,0.6,6,breast;colon;esophagus;kidney;lung;prostate,ENSG00000090013,BLVRB,6,breast;colon;esophagus;kidney;lung;prostate,0,0,0,0,-0.10954352907989315,0.002733450741028931,0.8222195619629249,0.9274419977144902,TRUE
MAOB,0.6,6,breast;colon;esophagus;kidney;lung;prostate,ENSG00000090238,YPEL3,6,breast;colon;esophagus;kidney;lung;prostate,0,0,0,0,-0.2295638780349405,-0.22000808219993293,0.7903257797043403,1.117254756324887,TRUE
MAOB,0.6,6,breast;colon;esophagus;kidney;lung;prostate,ENSG00000090372,STRN4,6,breast;colon;esophagus;kidney;lung;prostate,0,0,0,0,0.33685442845562175,0.3730574141003616,0.6707928370896364,0.7748559420371577,TRUE
MAOB,0.6,6,breast;colon;esophagus;kidney;lung;prostate,ENSG00000099864,PALM,6,breast;colon;esophagus;kidney;lung;prostate,5,0.8333333333333334,0,0,-1.344914313685,-1.2321872691325049,0.6431263093379403,1.03202482857353,TRUE
MAOB,0.6,6,breast;colon;esophagus;kidney;lung;prostate,ENSG00000100225,FBXO7,6,breast;colon;esophagus;kidney;lung;prostate,0,0,0,0,-0.16415302194944714,-0.17826683297222795,0.6615848512425031,1.0202540694421018,TRUE
MAOB,0.6,6,breast;colon;esophagus;kidney;lung;prostate,ENSG00000100567,PSMA3,6,breast;colon;esophagus;kidney;lung;prostate,0,0,1,0.16666666666666666,0.3532370596646871,0.33722306824936205,0.70362684779883,0.8751308673228769,TRUE
MAOB,0.6,6,breast;colon;esophagus;kidney;lung;prostate,ENSG00000100632,ERH,6,breast;colon;esophagus;kidney;lung;prostate,0,0,4,0.6666666666666666,0.6393179303201586,0.5199908280070451,0.693637924489444,0.955316981795769,TRUE
MAOB,0.6,6,breast;colon;esophagus;kidney;lung;prostate,ENSG00000102038,SMARCA1,6,breast;colon;esophagus;kidney;lung;prostate,2,0.3333333333333333,0,0,-0.5288756750945905,-0.43402637998581495,0.7309385906116912,0.9258999873589338,TRUE
MAOB,0.6,6,breast;colon;esophagus;kidney;lung;prostate,ENSG00000104324,CPQ,6,breast;colon;esophagus;kidney;lung;prostate,5,0.8333333333333334,0,0,-0.7283406270332928,-0.7875473032280321,0.7948138677063877,1.043224123988037,TRUE
MAOB,0.6,6,breast;colon;esophagus;kidney;lung;prostate,ENSG00000104812,GYS1,6,breast;colon;esophagus;kidney;lung;prostate,0,0,2,0.3333333333333333,0.15296937416069253,0.2888550147320199,0.7034917092018514,0.8773321872459944,TRUE
MAOB,0.6,6,breast;colon;esophagus;kidney;lung;prostate,ENSG00000106723,SPIN1,6,breast;colon;esophagus;kidney;lung;prostate,0,0,0,0,-0.1354344190973516,-0.12350011836011729,0.8494484470881984,1.145677439644929,TRUE
MAOB,0.6,6,breast;colon;esophagus;kidney;lung;prostate,ENSG00000107140,TESK1,6,breast;colon;esophagus;kidney;lung;prostate,0,0,0,0,-0.0019294057201174712,0.023264259484483293,0.7151286727177231,0.9378500080205308,TRUE
MAOB,0.6,6,breast;colon;esophagus;kidney;lung;prostate,ENSG00000107745,MICU1,6,breast;colon;esophagus;kidney;lung;prostate,0,0,0,0,-0.15004356882322517,-0.06591749783433057,0.7071400788171738,1.146491004664029,TRUE
MAOB,0.6,6,breast;colon;esophagus;kidney;lung;prostate,ENSG00000108509,CAMTA2,6,breast;colon;esophagus;kidney;lung;prostate,2,0.3333333333333333,0,0,-0.4824691860551189,-0.4041654736602702,0.7624778541263659,0.9945435379708192,TRUE
MAOB,0.6,6,breast;colon;esophagus;kidney;lung;prostate,ENSG00000108561,C1QBP,6,breast;colon;esophagus;kidney;lung;prostate,0,0,3,0.5,0.5637347468070684,0.4385848298171322,0.6693698290482094,0.9495062929582524,TRUE
MAOB,0.6,6,breast;colon;esophagus;kidney;lung;prostate,ENSG00000108799,EZH1,6,breast;colon;esophagus;kidney;lung;prostate,2,0.3333333333333333,0,0,-0.5237930354424962,-0.628720198019533,0.7293138876740917,0.8034641185616131,TRUE
MAOB,0.6,6,breast;colon;esophagus;kidney;lung;prostate,ENSG00000108848,LUC7L3,6,breast;colon;esophagus;kidney;lung;prostate,0,0,0,0,0.06972697814077267,0.10459921817191908,0.7358821121622626,0.8723680258797043,TRUE
MAOB,0.6,6,breast;colon;esophagus;kidney;lung;prostate,ENSG00000112983,BRD8,6,breast;colon;esophagus;kidney;lung;prostate,0,0,0,0,0.1066196897520919,0.1070989465941509,0.7724491271209081,1.0066669865019922,TRUE
MAOB,0.6,6,breast;colon;esophagus;kidney;lung;prostate,ENSG00000113758,DBN1,6,breast;colon;esophagus;kidney;lung;prostate,0,0,1,0.16666666666666666,0.21638483192643154,0.24103812328131916,0.8206617579417527,0.9140294795577136,TRUE
MAOB,0.6,6,breast;colon;esophagus;kidney;lung;prostate,ENSG00000114626,ABTB1,6,breast;colon;esophagus;kidney;lung;prostate,2,0.3333333333333333,0,0,-0.34606555977068354,-0.33747554337990127,0.7734148066805481,0.9691807572383292,TRUE
MAOB,0.6,6,breast;colon;esophagus;kidney;lung;prostate,ENSG00000114686,MRPL3,6,breast;colon;esophagus;kidney;lung;prostate,0,0,3,0.5,0.6600819858482266,0.6553781792543966,0.7662172333975963,1.1520053997498096,TRUE
MAOB,0.6,6,breast;colon;esophagus;kidney;lung;prostate,ENSG00000115685,PPP1R7,6,breast;colon;esophagus;kidney;lung;prostate,0,0,0,0,-0.01161998022683836,0.013416570181504356,0.6072375278008981,1.023156321712128,TRUE
MAOB,0.6,6,breast;colon;esophagus;kidney;lung;prostate,ENSG00000115866,DARS1,6,breast;colon;esophagus;kidney;lung;prostate,0,0,3,0.5,0.410601143546538,0.3940793639047951,0.4502289896604422,0.5069042504327664,TRUE
MAOB,0.6,6,breast;colon;esophagus;kidney;lung;prostate,ENSG00000116898,MRPS15,6,breast;colon;esophagus;kidney;lung;prostate,0,0,0,0,0.24627044855916813,0.2311421553243893,0.6715808313884588,0.9032145738004986,TRUE
MAOB,0.6,6,breast;colon;esophagus;kidney;lung;prostate,ENSG00000119669,IRF2BPL,6,breast;colon;esophagus;kidney;lung;prostate,1,0.16666666666666666,0,0,-0.17752588697236643,-0.23086163470892984,0.8279648499598072,1.008775724093548,TRUE
MAOB,0.6,6,breast;colon;esophagus;kidney;lung;prostate,ENSG00000122642,FKBP9,6,breast;colon;esophagus;kidney;lung;prostate,0,0,1,0.16666666666666666,0.24257365188942293,0.20267641351593332,0.6242458002397879,0.7767212344439139,TRUE
MAOB,0.6,6,breast;colon;esophagus;kidney;lung;prostate,ENSG00000123933,MXD4,6,breast;colon;esophagus;kidney;lung;prostate,2,0.3333333333333333,0,0,-0.3199579074347486,-0.27287524880882436,0.6069594463214224,0.9288794056938844,TRUE
MAOB,0.6,6,breast;colon;esophagus;kidney;lung;prostate,ENSG00000124181,PLCG1,6,breast;colon;esophagus;kidney;lung;prostate,0,0,2,0.3333333333333333,0.30593511291962655,0.3728636546132451,0.8067189965237453,0.9506873872128256,TRUE
MAOB,0.6,6,breast;colon;esophagus;kidney;lung;prostate,ENSG00000124207,CSE1L,6,breast;colon;esophagus;kidney;lung;prostate,0,0,4,0.6666666666666666,0.8483391372080911,0.7065354600912667,0.6986670314805743,1.081078436054994,TRUE
MAOB,0.6,6,breast;colon;esophagus;kidney;lung;prostate,ENSG00000124702,KLHDC3,6,breast;colon;esophagus;kidney;lung;prostate,0,0,0,0,0.04187135864302151,0.022516188218031544,0.6685137177786593,0.8800134129528895,TRUE
MAOB,0.6,6,breast;colon;esophagus;kidney;lung;prostate,ENSG00000125977,EIF2S2,6,breast;colon;esophagus;kidney;lung;prostate,0,0,1,0.16666666666666666,0.4866543550557566,0.47922660600986045,0.6272305888199764,0.7877279766118479,TRUE
MAOB,0.6,6,breast;colon;esophagus;kidney;lung;prostate,ENSG00000126457,PRMT1,6,breast;colon;esophagus;kidney;lung;prostate,0,0,3,0.5,0.49269628399864074,0.6225076668498902,0.6369909928257683,0.884877450582402,TRUE
MAOB,0.6,6,breast;colon;esophagus;kidney;lung;prostate,ENSG00000131669,NINJ1,6,breast;colon;esophagus;kidney;lung;prostate,0,0,0,0,0.1371300661732487,0.14969672500368622,0.6812375451078171,1.0427877088750368,TRUE
MAOB,0.6,6,breast;colon;esophagus;kidney;lung;prostate,ENSG00000132153,DHX30,6,breast;colon;esophagus;kidney;lung;prostate,0,0,1,0.16666666666666666,0.10266368239124019,0.19131304980003955,0.8504955011340763,1.1358755549063737,TRUE
MAOB,0.6,6,breast;colon;esophagus;kidney;lung;prostate,ENSG00000132823,OSER1,6,breast;colon;esophagus;kidney;lung;prostate,0,0,2,0.3333333333333333,0.3166674866461308,0.3724490431549729,0.6052051677553172,0.8343664269174194,TRUE
MAOB,0.6,6,breast;colon;esophagus;kidney;lung;prostate,ENSG00000136877,FPGS,6,breast;colon;esophagus;kidney;lung;prostate,0,0,1,0.16666666666666666,0.1278801754420855,0.3273912631912376,0.8861016450137791,1.1013785969492265,TRUE
MAOB,0.6,6,breast;colon;esophagus;kidney;lung;prostate,ENSG00000137106,GRHPR,6,breast;colon;esophagus;kidney;lung;prostate,1,0.16666666666666666,0,0,-0.030376577969395704,-0.08487468416573661,0.8520029198888348,1.1149076235592554,TRUE
MAOB,0.6,6,breast;colon;esophagus;kidney;lung;prostate,ENSG00000137200,CMTR1,6,breast;colon;esophagus;kidney;lung;prostate,0,0,0,0,0.041396938401172145,0.07175685331541233,0.698607054675068,0.9789635551178637,TRUE
MAOB,0.6,6,breast;colon;esophagus;kidney;lung;prostate,ENSG00000138363,ATIC,6,breast;colon;esophagus;kidney;lung;prostate,0,0,4,0.6666666666666666,0.9440215760719171,0.6967725612595079,0.6277022183592404,0.8247666052159239,TRUE
MAOB,0.6,6,breast;colon;esophagus;kidney;lung;prostate,ENSG00000138385,SSB,6,breast;colon;esophagus;kidney;lung;prostate,0,0,2,0.3333333333333333,0.350670246381386,0.3097090303051738,0.7038001008296857,1.012775229111298,TRUE
MAOB,0.6,6,breast;colon;esophagus;kidney;lung;prostate,ENSG00000141985,SH3GL1,6,breast;colon;esophagus;kidney;lung;prostate,0,0,4,0.6666666666666666,0.6373443941011165,0.533099222914065,0.7909381319815288,0.954290900134692,TRUE
MAOB,0.6,6,breast;colon;esophagus;kidney;lung;prostate,ENSG00000142188,TMEM50B,6,breast;colon;esophagus;kidney;lung;prostate,3,0.5,0,0,-0.5353906450046881,-0.5162924029783494,0.7513797556313143,0.8472401143211744,TRUE
MAOB,0.6,6,breast;colon;esophagus;kidney;lung;prostate,ENSG00000143862,ARL8A,6,breast;colon;esophagus;kidney;lung;prostate,0,0,0,0,0.07917481654532245,0.17039067006738962,0.8614192221190149,1.1432672959807764,TRUE
MAOB,0.6,6,breast;colon;esophagus;kidney;lung;prostate,ENSG00000146729,NIPSNAP2,6,breast;colon;esophagus;kidney;lung;prostate,0,0,0,0,0.0697605055508494,0.10754835816333189,0.5125410790196894,0.83933331011479,TRUE
MAOB,0.6,6,breast;colon;esophagus;kidney;lung;prostate,ENSG00000146834,MEPCE,6,breast;colon;esophagus;kidney;lung;prostate,0,0,0,0,0.13573547664101535,0.17539841745184975,0.634234868226295,1.0754226624380614,TRUE
MAOB,0.6,6,breast;colon;esophagus;kidney;lung;prostate,ENSG00000149187,CELF1,6,breast;colon;esophagus;kidney;lung;prostate,0,0,0,0,0.1442714132687486,0.1740978865695615,0.8642644803249779,1.096357376655273,TRUE
MAOB,0.6,6,breast;colon;esophagus;kidney;lung;prostate,ENSG00000151239,TWF1,6,breast;colon;esophagus;kidney;lung;prostate,0,0,3,0.5,0.48639850963303405,0.3758386476117978,0.8762044966540812,1.0176067643745184,TRUE
MAOB,0.6,6,breast;colon;esophagus;kidney;lung;prostate,ENSG00000151348,EXT2,6,breast;colon;esophagus;kidney;lung;prostate,0,0,0,0,0.18876822264762294,0.1977072384170117,0.7447574686697126,0.9390290111058074,TRUE
MAOB,0.6,6,breast;colon;esophagus;kidney;lung;prostate,ENSG00000151929,BAG3,6,breast;colon;esophagus;kidney;lung;prostate,0,0,0,0,-0.11708284940095731,-0.1230671422976628,0.6783633630093548,0.7763295382570302,TRUE
MAOB,0.6,6,breast;colon;esophagus;kidney;lung;prostate,ENSG00000156261,CCT8,6,breast;colon;esophagus;kidney;lung;prostate,0,0,2,0.3333333333333333,0.46614606609016074,0.44520589434819063,0.6053679483885357,1.029536513940015,TRUE
MAOB,0.6,6,breast;colon;esophagus;kidney;lung;prostate,ENSG00000156860,FBRS,6,breast;colon;esophagus;kidney;lung;prostate,0,0,1,0.16666666666666666,0.17971822611620641,0.24312963633481816,0.749952037087117,1.0051626787111705,TRUE
MAOB,0.6,6,breast;colon;esophagus;kidney;lung;prostate,ENSG00000157020,SEC13,6,breast;colon;esophagus;kidney;lung;prostate,0,0,1,0.16666666666666666,0.20254513399100826,0.28519845227444474,0.690761433206166,1.1018308053949544,TRUE
MAOB,0.6,6,breast;colon;esophagus;kidney;lung;prostate,ENSG00000163636,PSMD6,6,breast;colon;esophagus;kidney;lung;prostate,0,0,0,0,0.04345550228535196,0.037816054043443625,0.5932437200489911,0.7603897391950281,TRUE
MAOB,0.6,6,breast;colon;esophagus;kidney;lung;prostate,ENSG00000163930,BAP1,6,breast;colon;esophagus;kidney;lung;prostate,0,0,0,0,0.03799549622904543,0.035201277632807046,0.5958384242690689,1.113093125721298,TRUE
MAOB,0.6,6,breast;colon;esophagus;kidney;lung;prostate,ENSG00000166197,NOLC1,6,breast;colon;esophagus;kidney;lung;prostate,0,0,3,0.5,0.6057059646309672,0.5668571070905306,0.6970351749009831,1.1353185635875338,TRUE
MAOB,0.6,6,breast;colon;esophagus;kidney;lung;prostate,ENSG00000166226,CCT2,6,breast;colon;esophagus;kidney;lung;prostate,0,0,4,0.6666666666666666,0.7330728221897275,0.6374947484387415,0.5126065415841174,0.8625075173968418,TRUE
MAOB,0.6,6,breast;colon;esophagus;kidney;lung;prostate,ENSG00000166987,MBD6,6,breast;colon;esophagus;kidney;lung;prostate,0,0,0,0,0.2323136464134668,0.18362732859867084,0.6624803061426778,1.1067144777467628,TRUE
MAOB,0.6,6,breast;colon;esophagus;kidney;lung;prostate,ENSG00000167778,SPRYD3,6,breast;colon;esophagus;kidney;lung;prostate,1,0.16666666666666666,0,0,-0.16093034316809882,-0.21039028403243135,0.8394476957574433,0.9814167120692878,TRUE
MAOB,0.6,6,breast;colon;esophagus;kidney;lung;prostate,ENSG00000168958,MFF,6,breast;colon;esophagus;kidney;lung;prostate,0,0,0,0,0.029797192325154917,0.048859294807250715,0.5504578375538832,0.8502990873949493,TRUE
MAOB,0.6,6,breast;colon;esophagus;kidney;lung;prostate,ENSG00000169439,SDC2,6,breast;colon;esophagus;kidney;lung;prostate,4,0.6666666666666666,0,0,-0.6290266876675947,-0.5353699560123002,0.5746757960233689,0.8746067162094626,TRUE
MAOB,0.6,6,breast;colon;esophagus;kidney;lung;prostate,ENSG00000170515,PA2G4,6,breast;colon;esophagus;kidney;lung;prostate,0,0,3,0.5,0.5471363382361829,0.5620943907356405,0.6490019371304268,0.901182445641088,TRUE
MAOB,0.6,6,breast;colon;esophagus;kidney;lung;prostate,ENSG00000174574,AKIRIN1,6,breast;colon;esophagus;kidney;lung;prostate,1,0.16666666666666666,0,0,-0.2068396627283842,-0.2868564236623481,0.6302902391917687,0.9113746431418364,TRUE
MAOB,0.6,6,breast;colon;esophagus;kidney;lung;prostate,ENSG00000175756,AURKAIP1,6,breast;colon;esophagus;kidney;lung;prostate,0,0,0,0,0.04973012461040996,0.12697256086358116,0.7168333029112237,0.9963311404316112,TRUE
MAOB,0.6,6,breast;colon;esophagus;kidney;lung;prostate,ENSG00000177889,UBE2N,6,breast;colon;esophagus;kidney;lung;prostate,0,0,1,0.16666666666666666,0.2864259368005585,0.27028821908440637,0.6884032379526566,1.130485987188958,TRUE
MAOB,0.6,6,breast;colon;esophagus;kidney;lung;prostate,ENSG00000179526,SHARPIN,6,breast;colon;esophagus;kidney;lung;prostate,0,0,1,0.16666666666666666,0.3886174043868214,0.3389822777212974,0.7765049722758064,1.0182102715116832,TRUE
MAOB,0.6,6,breast;colon;esophagus;kidney;lung;prostate,ENSG00000180398,MCFD2,6,breast;colon;esophagus;kidney;lung;prostate,0,0,0,0,-0.06314426673558683,0.05715387809359715,0.60453179000684365,1.0532258813586317,TRUE
MAOB,0.6,6,breast;colon;esophagus;kidney;lung;prostate,ENSG00000183020,AP2A2,6,breast;colon;esophagus;kidney;lung;prostate,0,0,0,0,-0.19378768493534115,-0.1572870169656143,0.657735808644657,1.0092984128239462,TRUE
MAOB,0.6,6,breast;colon;esophagus;kidney;lung;prostate,ENSG00000183864,TOB2,6,breast;colon;esophagus;kidney;lung;prostate,0,0,0,0,-0.2988150415055577,-0.2823630216577544,0.670469631646244,0.8724734273010305,TRUE
MAOB,0.6,6,breast;colon;esophagus;kidney;lung;prostate,ENSG00000185122,HSF1,6,breast;colon;esophagus;kidney;lung;prostate,0,0,1,0.16666666666666666,0.4023035840521452,0.3637568460651231,0.8066201087553815,0.9002059083858118,TRUE
MAOB,0.6,6,breast;colon;esophagus;kidney;lung;prostate,ENSG00000186660,ZFP91,6,breast;colon;esophagus;kidney;lung;prostate,1,0.16666666666666666,0,0,0.10544214430919788,-0.029561217829749353,0.6634760762717588,0.8544497500552429,TRUE
MAOB,0.6,6,breast;colon;esophagus;kidney;lung;prostate,ENSG00000186815,TPCN1,6,breast;colon;esophagus;kidney;lung;prostate,0,0,0,0,-0.32632527095237635,-0.2751019605280102,0.6544514603988664,0.9654735806115154,TRUE
MAOB,0.6,6,breast;colon;esophagus;kidney;lung;prostate,ENSG00000186918,ZNF395,6,breast;colon;esophagus;kidney;lung;prostate,1,0.16666666666666666,0,0,-0.21059865790155025,-0.18497776899215007,0.7705200498445703,0.9550279767501856,TRUE
MAOB,0.6,6,breast;colon;esophagus;kidney;lung;prostate,ENSG00000187735,TCEA1,6,breast;colon;esophagus;kidney;lung;prostate,0,0,0,0,0.3105465670057099,0.31147553587186816,0.7523903072809834,0.9641557671345048,TRUE
MAOB,0.6,6,breast;colon;esophagus;kidney;lung;prostate,ENSG00000189077,TMEM120A,6,breast;colon;esophagus;kidney;lung;prostate,1,0.16666666666666666,0,0,-0.141730339823522,-0.22403762282791995,0.6973840428264606,1.1535451664820242,TRUE
MAOB,0.6,6,breast;colon;esophagus;kidney;lung;prostate,ENSG00000189241,TSPYL1,6,breast;colon;esophagus;kidney;lung;prostate,2,0.3333333333333333,0,0,-0.4855143619393833,-0.4248676992826299,0.6321808804393293,0.9537127105483234,TRUE
MAOB,0.6,6,breast;colon;esophagus;kidney;lung;prostate,ENSG00000196365,LONP1,6,breast;colon;esophagus;kidney;lung;prostate,0,0,1,0.16666666666666666,0.418933892272879,0.44187721935239865,0.6429569099938005,1.0983131991730104,TRUE
MAOB,0.6,6,breast;colon;esophagus;kidney;lung;prostate,ENSG00000196704,AMZ2,6,breast;colon;esophagus;kidney;lung;prostate,0,0,1,0.16666666666666666,0.4097588836373739,0.35414302592252983,0.7077990452151263,1.058412955072198,TRUE
MAOB,0.6,6,breast;colon;esophagus;kidney;lung;prostate,ENSG00000198612,COPS8,6,breast;colon;esophagus;kidney;lung;prostate,0,0,0,0,0.27835727874055627,0.21819317898038929,0.8039580283728068,1.0790802746266246,TRUE
MAOB,0.6,6,breast;colon;esophagus;kidney;lung;prostate,ENSG00000204356,NELFE,6,breast;colon;esophagus;kidney;lung;prostate,0,0,0,0,0.30892522003612827,0.26772971304975635,0.6089988220568069,1.0011398637202658,TRUE
MAOB,0.6,6,breast;colon;esophagus;kidney;lung;prostate,ENSG00000265354,TIMM23,6,breast;colon;esophagus;kidney;lung;prostate,0,0,2,0.3333333333333333,0.27224390586592384,0.3363586776556501,0.7761581915289252,1.0242258387372944,TRUE
MAOB,0.7,7,breast;colon;esophagus;kidney;lung;prostate;stomach,ENSG00000004487,KDM1A,7,breast;colon;esophagus;kidney;lung;prostate;stomach,0,0,2,0.2857142857142857,0.4475227242228756,0.4891463297632515,0.644346020813684,1.0412572006579008,TRUE
MAOB,0.7,7,breast;colon;esophagus;kidney;lung;prostate;stomach,ENSG00000005812,FBXL3,7,breast;colon;esophagus;kidney;lung;prostate;stomach,1,0.14285714285714285,0,0,-0.30866054208025656,-0.3768824442134524,0.8379657383787397,1.0381632592287082,TRUE
MAOB,0.7,7,breast;colon;esophagus;kidney;lung;prostate;stomach,ENSG00000019144,PHLDB1,7,breast;colon;esophagus;kidney;lung;prostate;stomach,1,0.14285714285714285,0,0,-0.5473494698841079,-0.5358586710078941,0.7163024058904799,1.0051066422284065,TRUE
MAOB,0.7,7,breast;colon;esophagus;kidney;lung;prostate;stomach,ENSG00000082996,RNF13,7,breast;colon;esophagus;kidney;lung;prostate;stomach,0,0,0,0,-0.08157466111169703,-0.10582301351021131,0.688172855985419,1.0628718579591472,TRUE
MAOB,0.7,7,breast;colon;esophagus;kidney;lung;prostate;stomach,ENSG00000090238,YPEL3,7,breast;colon;esophagus;kidney;lung;prostate;stomach,0,0,0,0,-0.2668594478685432,-0.2522809370868066,0.8125172673377917,1.117254756324887,TRUE
MAOB,0.7,7,breast;colon;esophagus;kidney;lung;prostate;stomach,ENSG00000090372,STRN4,7,breast;colon;esophagus;kidney;lung;prostate;stomach,0,0,0,0,0.3403155984310561,0.38056063053974165,0.7329257532337279,1.105723250098276,TRUE
MAOB,0.7,7,breast;colon;esophagus;kidney;lung;prostate;stomach,ENSG00000099864,PALM,7,breast;colon;esophagus;kidney;lung;prostate;stomach,6,0.8571428571428571,0,0,-1.1656450815212691,-1.2070584142919611,0.706299341538184,1.0853375347396454,TRUE
MAOB,0.7,7,breast;colon;esophagus;kidney;lung;prostate;stomach,ENSG00000102038,SMARCA1,7,breast;colon;esophagus;kidney;lung;prostate;stomach,3,0.42857142857142855,0,0,-0.5809542352573619,-0.5030747507694071,0.7771627697415503,1.054507844520705,TRUE
MAOB,0.7,7,breast;colon;esophagus;kidney;lung;prostate;stomach,ENSG00000104812,GYS1,7,breast;colon;esophagus;kidney;lung;prostate;stomach,0,0,2,0.2857142857142857,0.13381694454299975,0.22645906119759657,0.7610218058989773,1.1062023860817327,TRUE
MAOB,0.7,7,breast;colon;esophagus;kidney;lung;prostate;stomach,ENSG00000106723,SPIN1,7,breast;colon;esophagus;kidney;lung;prostate;stomach,0,0,0,0,-0.11080437955210644,-0.10417361488594169,0.8522295049739715,1.145677439644929,TRUE
MAOB,0.7,7,breast;colon;esophagus;kidney;lung;prostate;stomach,ENSG00000107140,TESK1,7,breast;colon;esophagus;kidney;lung;prostate;stomach,0,0,0,0,0.01366890243503401,0.021893494191704825,0.7630276212180435,1.050421312219966,TRUE
MAOB,0.7,7,breast;colon;esophagus;kidney;lung;prostate;stomach,ENSG00000108509,CAMTA2,7,breast;colon;esophagus;kidney;lung;prostate;stomach,2,0.2857142857142857,0,0,-0.4571023496684012,-0.40815941345588536,0.8050060221143092,1.0601750300419686,TRUE
MAOB,0.7,7,breast;colon;esophagus;kidney;lung;prostate;stomach,ENSG00000108799,EZH1,7,breast;colon;esophagus;kidney;lung;prostate;stomach,3,0.42857142857142855,0,0,-0.5470383806056426,-0.6474369324676745,0.7408039908347034,0.8097446097983731,TRUE
MAOB,0.7,7,breast;colon;esophagus;kidney;lung;prostate;stomach,ENSG00000112983,BRD8,7,breast;colon;esophagus;kidney;lung;prostate;stomach,0,0,0,0,0.08054433096649481,0.10037706693906863,0.820935554553046,1.1118541191458735,TRUE
MAOB,0.7,7,breast;colon;esophagus;kidney;lung;prostate;stomach,ENSG00000114626,ABTB1,7,breast;colon;esophagus;kidney;lung;prostate;stomach,2,0.2857142857142857,0,0,-0.2980834488231726,-0.2667230915620924,0.8104676299067101,1.0327845692636817,TRUE
MAOB,0.7,7,breast;colon;esophagus;kidney;lung;prostate;stomach,ENSG00000115685,PPP1R7,7,breast;colon;esophagus;kidney;lung;prostate;stomach,0,0,0,0,-0.03717414544165501,-0.01752693239607082,0.6507413805261106,1.023156321712128,TRUE
MAOB,0.7,7,breast;colon;esophagus;kidney;lung;prostate;stomach,ENSG00000115866,DARS1,7,breast;colon;esophagus;kidney;lung;prostate;stomach,0,0,3,0.42857142857142855,0.23189980993714032,0.3520181910958848,0.5362114464801171,1.0521061873981663,TRUE
MAOB,0.7,7,breast;colon;esophagus;kidney;lung;prostate;stomach,ENSG00000119669,IRF2BPL,7,breast;colon;esophagus;kidney;lung;prostate;stomach,1,0.14285714285714285,0,0,-0.189124209908474,-0.26418285204707886,0.8352987795286116,1.008775724093548,TRUE
MAOB,0.7,7,breast;colon;esophagus;kidney;lung;prostate;stomach,ENSG00000124181,PLCG1,7,breast;colon;esophagus;kidney;lung;prostate;stomach,0,0,2,0.2857142857142857,0.30729274853852423,0.36349638231685644,0.8010191024910946,0.9506873872128256,TRUE
MAOB,0.7,7,breast;colon;esophagus;kidney;lung;prostate;stomach,ENSG00000124207,CSE1L,7,breast;colon;esophagus;kidney;lung;prostate;stomach,0,0,5,0.7142857142857143,0.833044454120545,0.7246081735240207,0.7363847272885318,1.081078436054994,TRUE
MAOB,0.7,7,breast;colon;esophagus;kidney;lung;prostate;stomach,ENSG00000126457,PRMT1,7,breast;colon;esophagus;kidney;lung;prostate;stomach,0,0,3,0.42857142857142855,0.4604312211357535,0.5993538888907279,0.6709888942221424,0.884877450582402,TRUE
MAOB,0.7,7,breast;colon;esophagus;kidney;lung;prostate;stomach,ENSG00000131669,NINJ1,7,breast;colon;esophagus;kidney;lung;prostate;stomach,0,0,0,0,0.009515872811765927,0.12835895493239108,0.6852398539568214,1.0427877088750368,TRUE
MAOB,0.7,7,breast;colon;esophagus;kidney;lung;prostate;stomach,ENSG00000132153,DHX30,7,breast;colon;esophagus;kidney;lung;prostate;stomach,0,0,1,0.14285714285714285,0.17311930537891326,0.2060865265760414,0.8767898813765324,1.1358755549063737,TRUE
MAOB,0.7,7,breast;colon;esophagus;kidney;lung;prostate;stomach,ENSG00000132823,OSER1,7,breast;colon;esophagus;kidney;lung;prostate;stomach,0,0,2,0.2857142857142857,0.3004588695358094,0.32366618511945416,0.6438892482839275,0.8759937314555892,TRUE
MAOB,0.7,7,breast;colon;esophagus;kidney;lung;prostate;stomach,ENSG00000137200,CMTR1,7,breast;colon;esophagus;kidney;lung;prostate;stomach,0,0,0,0,0.047516248324911844,0.08439527392052,0.7271774809117243,0.9789635551178637,TRUE
MAOB,0.7,7,breast;colon;esophagus;kidney;lung;prostate;stomach,ENSG00000138363,ATIC,7,breast;colon;esophagus;kidney;lung;prostate;stomach,0,0,5,0.7142857142857143,0.9365450965795864,0.7156049509677159,0.6914603197624131,1.074008928181449,TRUE
MAOB,0.7,7,breast;colon;esophagus;kidney;lung;prostate;stomach,ENSG00000138385,SSB,7,breast;colon;esophagus;kidney;lung;prostate;stomach,0,0,2,0.2857142857142857,0.46804259830221406,0.33232811144760815,0.7287039133875257,1.012775229111298,TRUE
MAOB,0.7,7,breast;colon;esophagus;kidney;lung;prostate;stomach,ENSG00000141985,SH3GL1,7,breast;colon;esophagus;kidney;lung;prostate;stomach,0,0,4,0.5714285714285714,0.6056709349349964,0.461346169551274,0.8081924222334191,0.954290900134692,TRUE
MAOB,0.7,7,breast;colon;esophagus;kidney;lung;prostate;stomach,ENSG00000143862,ARL8A,7,breast;colon;esophagus;kidney;lung;prostate;stomach,0,0,0,0,0.09507015821340031,0.16696998809180932,0.8694447481820866,1.1432672959807764,TRUE
MAOB,0.7,7,breast;colon;esophagus;kidney;lung;prostate;stomach,ENSG00000146834,MEPCE,7,breast;colon;esophagus;kidney;lung;prostate;stomach,0,0,0,0,0.1542057460517525,0.17605819929907934,0.6595640643062483,1.0754226624380614,TRUE
MAOB,0.7,7,breast;colon;esophagus;kidney;lung;prostate;stomach,ENSG00000149187,CELF1,7,breast;colon;esophagus;kidney;lung;prostate;stomach,0,0,0,0,0.1657000006861403,0.17300133502112416,0.8780877945203699,1.096357376655273,TRUE
MAOB,0.7,7,breast;colon;esophagus;kidney;lung;prostate;stomach,ENSG00000151348,EXT2,7,breast;colon;esophagus;kidney;lung;prostate;stomach,0,0,0,0,0.1849192593633778,0.18006126352728233,0.7726504874702903,0.9400086002737568,TRUE
MAOB,0.7,7,breast;colon;esophagus;kidney;lung;prostate;stomach,ENSG00000156860,FBRS,7,breast;colon;esophagus;kidney;lung;prostate;stomach,0,0,1,0.14285714285714285,0.19925326861871773,0.23686158380394665,0.7943357558129828,1.0606380681681775,TRUE
MAOB,0.7,7,breast;colon;esophagus;kidney;lung;prostate;stomach,ENSG00000163930,BAP1,7,breast;colon;esophagus;kidney;lung;prostate;stomach,0,0,0,0,0.040151560219147495,0.03991222897008918,0.6476935647542758,1.113093125721298,TRUE
MAOB,0.7,7,breast;colon;esophagus;kidney;lung;prostate;stomach,ENSG00000166197,NOLC1,7,breast;colon;esophagus;kidney;lung;prostate;stomach,0,0,4,0.5714285714285714,0.6566504721667794,0.5864983366329356,0.7391724241338717,1.1353185635875338,TRUE
MAOB,0.7,7,breast;colon;esophagus;kidney;lung;prostate;stomach,ENSG00000168958,MFF,7,breast;colon;esophagus;kidney;lung;prostate;stomach,0,0,0,0,0.01584239622392413,0.033865917735601526,0.5934151644362451,0.8511591257304165,TRUE
MAOB,0.7,7,breast;colon;esophagus;kidney;lung;prostate;stomach,ENSG00000169439,SDC2,7,breast;colon;esophagus;kidney;lung;prostate;stomach,5,0.7142857142857143,0,0,-0.6313560115207101,-0.5604115265017009,0.5967651843546927,0.8746067162094626,TRUE
MAOB,0.7,7,breast;colon;esophagus;kidney;lung;prostate;stomach,ENSG00000177889,UBE2N,7,breast;colon;esophagus;kidney;lung;prostate;stomach,0,0,1,0.14285714285714285,0.2737216835103424,0.24744734636552915,0.690067540533498,1.130485987188958,TRUE
MAOB,0.7,7,breast;colon;esophagus;kidney;lung;prostate;stomach,ENSG00000180398,MCFD2,7,breast;colon;esophagus;kidney;lung;prostate;stomach,0,0,0,0,-0.09676477667803472,0.011777608897787102,0.6377245459298843,1.0532258813586317,TRUE
MAOB,0.7,7,breast;colon;esophagus;kidney;lung;prostate;stomach,ENSG00000183020,AP2A2,7,breast;colon;esophagus;kidney;lung;prostate;stomach,0,0,0,0,-0.12809001252278956,-0.1272965316384266,0.6805654955792299,1.0092984128239462,TRUE
MAOB,0.7,7,breast;colon;esophagus;kidney;lung;prostate;stomach,ENSG00000186660,ZFP91,7,breast;colon;esophagus;kidney;lung;prostate;stomach,1,0.14285714285714285,0,0,0.05776053002302286,-0.019098311338766074,0.6678323081902018,0.8544497500552429,TRUE
MAOB,0.7,7,breast;colon;esophagus;kidney;lung;prostate;stomach,ENSG00000186815,TPCN1,7,breast;colon;esophagus;kidney;lung;prostate;stomach,0,0,0,0,-0.2396325286723576,-0.2344480290607929,0.6176086865055207,0.9654735806115154,TRUE
MAOB,0.7,7,breast;colon;esophagus;kidney;lung;prostate;stomach,ENSG00000196365,LONP1,7,breast;colon;esophagus;kidney;lung;prostate;stomach,0,0,1,0.14285714285714285,0.369924110861045,0.43159820385363384,0.7074530938258484,1.0983131991730104,TRUE
MAOB,0.7,7,breast;colon;esophagus;kidney;lung;prostate;stomach,ENSG00000196704,AMZ2,7,breast;colon;esophagus;kidney;lung;prostate;stomach,0,0,1,0.14285714285714285,0.39114004704564653,0.2717861086748046,0.6979955415954032,1.058412955072198,TRUE
MAOB,0.7,7,breast;colon;esophagus;kidney;lung;prostate;stomach,ENSG00000198612,COPS8,7,breast;colon;esophagus;kidney;lung;prostate;stomach,0,0,0,0,0.1458233723164784,0.19472388303782945,0.763234155484586,1.0790802746266246,TRUE
MAOB,0.8,8,breast;colon;esophagus;kidney;liver;lung;prostate;stomach,ENSG00000102038,SMARCA1,8,breast;colon;esophagus;kidney;liver;lung;prostate;stomach,3,0.375,0,0,-0.5510588891479062,-0.5053358498030375,0.8701906750565397,1.5213860122614653,TRUE
MAOB,0.8,8,breast;colon;esophagus;kidney;liver;lung;prostate;stomach,ENSG00000131669,NINJ1,8,breast;colon;esophagus;kidney;liver;lung;prostate;stomach,0,0,0,0,0.01987156326648244,0.11609249228099203,0.75290256676704,1.226541556438571,TRUE
MAOB,0.8,8,breast;colon;esophagus;kidney;liver;lung;prostate;stomach,ENSG00000149187,CELF1,8,breast;colon;esophagus;kidney;liver;lung;prostate;stomach,0,0,0,0,0.1442714132687486,0.11406252055092028,0.9569645854016259,1.509102121570418,TRUE
MAOB,0.8,8,breast;colon;esophagus;kidney;liver;lung;prostate;stomach,ENSG00000169439,SDC2,8,breast;colon;esophagus;kidney;liver;lung;prostate;stomach,5,0.625,0,0,-0.6290266876675947,-0.5035170511513924,0.5683097528641294,0.8746067162094626,TRUE
MAOB,0.8,8,breast;colon;esophagus;kidney;liver;lung;prostate;stomach,ENSG00000180398,MCFD2,8,breast;colon;esophagus;kidney;liver;lung;prostate;stomach,0,0,0,0,-0.09021582490134471,-1.529513550181244e-4,0.6888349843129531,1.0532258813586317,TRUE
MAOB,0.8,8,breast;colon;esophagus;kidney;liver;lung;prostate;stomach,ENSG00000196365,LONP1,8,breast;colon;esophagus;kidney;liver;lung;prostate;stomach,0,0,1,0.125,0.36757343074586624,0.39007486399517965,0.7564505918648766,1.099433078138074,TRUE
