tcga_code,partner,n_pairs,detection_normal_MAOB,detection_tumor_MAOB,detection_normal_partner,detection_tumor_partner,rho_normal,rho_tumor,delta_rho,bootstrap_valid,ci_low,ci_high,bootstrap_p_two_sided,status,organ,bootstrap_q_primary,passes_coexpression_effect,bootstrap_robust,rewiring_direction,n_pairs_permutation,observed_rho_normal_from_cache,observed_rho_tumor_from_cache,observed_delta_rho_from_cache,n_permutations_requested,n_permutations_valid,permutation_p_two_sided,permutation_monte_carlo_se,permutation_null_median_delta_rho,permutation_null_q025,permutation_null_q975,permutation_scheme,q_permutation_primary,n_cells_in_permutation_BH,permutation_passes_effect,permutation_robust,permutation_status,robust_call_agreement,robust_call_comparison
BLCA,CYP3A4,19,1,1,0.631578947368421,0.7894736842105263,,,,,,,,insufficient_n_lt20,bladder,,FALSE,FALSE,not_estimable,,,,,,,,,,,,,,,,,not_in_primary_permutation_family,,not_primary
BLCA,CYP3A43,19,1,1,0.631578947368421,0.7368421052631579,,,,,,,,insufficient_n_lt20,bladder,,FALSE,FALSE,not_estimable,,,,,,,,,,,,,,,,,not_in_primary_permutation_family,,not_primary
BLCA,CYP3A5,19,1,1,1,1,,,,,,,,insufficient_n_lt20,bladder,,FALSE,FALSE,not_estimable,,,,,,,,,,,,,,,,,not_in_primary_permutation_family,,not_primary
BLCA,CYP3A7,19,1,1,0.6842105263157895,0.8947368421052632,,,,,,,,insufficient_n_lt20,bladder,,FALSE,FALSE,not_estimable,,,,,,,,,,,,,,,,,not_in_primary_permutation_family,,not_primary
BRCA,CYP3A4,113,1,1,0.991150442477876,0.8407079646017699,0.4023304943775369,0.01546233288381591,-0.38686816149372094,2000,-0.6491999380778566,-0.11747038047674394,0.00199900049975012,primary_n_ge_30,breast,0.01142285999857214,TRUE,TRUE,more_negative_in_tumor,113,0.4023304943775369,0.015462332883815919,-0.38686816149372094,5000,5000,0.0011997600479904018,4.895060791483849e-4,-8.723232112927692e-4,-0.2269108909376844,0.23175632587294545,joint within-patient normal/tumor label swap for both genes,0.0068557717028022965,40,TRUE,TRUE,primary_permutation_estimable,TRUE,robust_by_both
BRCA,CYP3A43,113,1,1,0.9734513274336284,0.7256637168141593,-0.01841859575365731,-0.0074577703816079,0.0109608253720494,2000,-0.2444060864450068,0.2660316038638264,0.9015492253873064,primary_n_ge_30,breast,0.9784581393513768,FALSE,FALSE,not_robust,113,-0.01841859575365731,-0.007457770381607904,0.010960825372049406,5000,5000,0.9344131173765247,0.0035006567627643564,-0.0021094766800657805,-0.2743020498754083,0.27077787090687233,joint within-patient normal/tumor label swap for both genes,0.9749844902814307,40,FALSE,FALSE,primary_permutation_estimable,TRUE,not_robust_by_either
BRCA,CYP3A5,113,1,1,1,1,0.3618920087830196,-0.0887617273271675,-0.4506537361101871,2000,-0.6779362139873529,-0.19257239662938824,9.995002498750624e-4,primary_n_ge_30,breast,0.00666333499916708,TRUE,TRUE,more_negative_in_tumor,113,0.3618920087830196,-0.0887617273271675,-0.4506537361101871,5000,5000,0.0033993201359728054,8.230537456469962e-4,3.4932463903120103e-4,-0.2988486842105264,0.3061763923082039,joint within-patient normal/tumor label swap for both genes,0.016996600679864027,40,TRUE,TRUE,primary_permutation_estimable,TRUE,robust_by_both
BRCA,CYP3A7,113,1,1,0.9026548672566372,0.7256637168141593,0.06312829935809272,0.1461466133188086,0.08301831396071588,2000,-0.1810911881284601,0.3465547524857764,0.527736131934033,primary_n_ge_30,breast,0.7369648509078793,FALSE,FALSE,not_robust,113,0.06312829935809272,0.1461466133188086,0.08301831396071588,5000,5000,0.5124975004999001,0.007068151861844975,-0.00028941029034040833,-0.25145771734827194,0.24513069408977836,joint within-patient normal/tumor label swap for both genes,0.756991458851087,40,FALSE,FALSE,primary_permutation_estimable,TRUE,not_robust_by_either
COAD,CYP3A4,41,1,1,1,0.975609756097561,0.03519163763066203,0.03937282229965157,0.00418118466898954,2000,-0.45515536919042704,0.4579369927567848,0.9775112443778112,primary_n_ge_30,colon,0.9795102448775612,FALSE,FALSE,not_robust,41,0.03519163763066203,0.039372822299651576,0.004181184668989549,5000,5000,0.9866026794641072,0.0016257422489737582,-0.005139372822299648,-0.4026263066202091,0.39967770034843175,joint within-patient normal/tumor label swap for both genes,0.9866026794641072,40,FALSE,FALSE,primary_permutation_estimable,TRUE,not_robust_by_either
COAD,CYP3A43,41,1,1,0.5853658536585366,0.4634146341463415,0.2094992243598631,0.22732806074357903,0.01782883638371596,2000,-0.4537617849199838,0.4737126530618043,0.9795102448775612,primary_n_ge_30,colon,0.9795102448775612,FALSE,FALSE,not_robust,41,0.2094992243598631,0.22732806074357906,0.017828836383715962,5000,5000,0.9506098780243951,0.003064028379663882,-0.002062955609051856,-0.46273907357281124,0.46402862732812,joint within-patient normal/tumor label swap for both genes,0.9749844902814307,40,FALSE,FALSE,primary_permutation_estimable,TRUE,not_robust_by_either
COAD,CYP3A5,41,1,1,1,1,-0.0942508710801394,-0.19442508710801396,-0.10017421602787456,2000,-0.593658898490006,0.3961915880980336,0.7246376811594203,primary_n_ge_30,colon,0.8783487044356609,FALSE,FALSE,not_robust,41,-0.0942508710801394,-0.19442508710801396,-0.10017421602787456,5000,5000,0.7134573085382924,0.006393670282582703,0.003745644599303136,-0.5025130662020907,0.5153614982578395,joint within-patient normal/tumor label swap for both genes,0.8647967376221726,40,FALSE,FALSE,primary_permutation_estimable,TRUE,not_robust_by_either
COAD,CYP3A7,41,1,1,0.951219512195122,0.8048780487804879,-0.18633215750067225,-0.08871839301606248,0.09761376448460976,2000,-0.36645427306912254,0.5364559611902692,0.7236381809095452,primary_n_ge_30,colon,0.8783487044356609,FALSE,FALSE,not_robust,41,-0.18633215750067222,-0.08871839301606248,0.09761376448460975,5000,5000,0.6836632673465307,0.006576086363723238,-0.00392899994547255,-0.46289083820690924,0.4446996127280074,joint within-patient normal/tumor label swap for both genes,0.8545790841831634,40,FALSE,FALSE,primary_permutation_estimable,TRUE,not_robust_by_either
ESCA,CYP3A4,13,1,1,1,1,,,,,,,,insufficient_n_lt20,esophagus,,FALSE,FALSE,not_estimable,,,,,,,,,,,,,,,,,not_in_primary_permutation_family,,not_primary
ESCA,CYP3A43,13,1,1,0.9230769230769232,1,,,,,,,,insufficient_n_lt20,esophagus,,FALSE,FALSE,not_estimable,,,,,,,,,,,,,,,,,not_in_primary_permutation_family,,not_primary
ESCA,CYP3A5,13,1,1,1,1,,,,,,,,insufficient_n_lt20,esophagus,,FALSE,FALSE,not_estimable,,,,,,,,,,,,,,,,,not_in_primary_permutation_family,,not_primary
ESCA,CYP3A7,13,1,1,0.9230769230769232,0.9230769230769232,,,,,,,,insufficient_n_lt20,esophagus,,FALSE,FALSE,not_estimable,,,,,,,,,,,,,,,,,not_in_primary_permutation_family,,not_primary
HNSC,CYP3A4,43,1,1,1,0.8604651162790697,-0.1757777106614316,-0.03296415390546906,0.14281355675596255,2000,-0.27095300955952517,0.5386615135940077,0.5527236381809095,primary_n_ge_30,head and neck,0.7369648509078793,FALSE,FALSE,not_robust,43,-0.1757777106614316,-0.032964153905469064,0.14281355675596255,5000,5000,0.40451909618076387,0.006940248265874497,0.0051331310792052665,-0.3365347544650299,0.3242726162608111,joint within-patient normal/tumor label swap for both genes,0.6472305538892222,40,FALSE,FALSE,primary_permutation_estimable,TRUE,not_robust_by_either
HNSC,CYP3A43,43,1,1,0.4883720930232558,0.4883720930232558,0.05694938379759179,-0.09897186357986036,-0.15592124737745217,2000,-0.6313106881474574,0.3225496079893159,0.5427286356821589,primary_n_ge_30,head and neck,0.7369648509078793,FALSE,FALSE,not_robust,43,0.05694938379759179,-0.09897186357986036,-0.15592124737745217,5000,5000,0.5298940211957609,0.0070577126066383505,0.006116678635388912,-0.4787575420100043,0.46420939414752843,joint within-patient normal/tumor label swap for both genes,0.756991458851087,40,FALSE,FALSE,primary_permutation_estimable,TRUE,not_robust_by_either
HNSC,CYP3A5,43,1,1,1,1,-0.3953488372093024,-0.159468438538206,0.23588039867109636,2000,-0.21635930909562495,0.68353382283167885,0.33883058470764615,primary_n_ge_30,head and neck,0.645391589919326,TRUE,FALSE,not_robust,43,-0.39534883720930236,-0.159468438538206,0.23588039867109636,5000,5000,0.29314137172565485,0.00643689481494917,-0.0020386590154032047,-0.4399086378737541,0.4267970401691327,joint within-patient normal/tumor label swap for both genes,0.5583645175726759,40,TRUE,FALSE,primary_permutation_estimable,TRUE,not_robust_by_either
HNSC,CYP3A7,43,1,1,0.5813953488372093,0.5581395348837209,0.11850703377799218,-0.05086415380535825,-0.16937118758335043,2000,-0.5963006226097137,0.2658880942022906,0.4747626186906546,primary_n_ge_30,head and neck,0.7369648509078793,FALSE,FALSE,not_robust,43,0.11850703377799218,-0.05086415380535825,-0.16937118758335043,5000,5000,0.4285142971405719,0.006997725717995372,-7.003119092195628e-4,-0.38346763262577527,0.4162474999796862,joint within-patient normal/tumor label swap for both genes,0.6592527648316491,40,FALSE,FALSE,primary_permutation_estimable,TRUE,not_robust_by_either
KICH,CYP3A4,25,1,1,1,0.92,0.7361538461538462,-0.2185035624185419,-0.954657408572388,2000,-1.3790080008329335,-0.4121089600919019,9.995002498750624e-4,exploratory_n_20_29,kidney,,TRUE,FALSE,not_robust,,,,,,,,,,,,,,,,,not_in_primary_permutation_family,,not_primary
KICH,CYP3A43,25,1,1,0.96,0.84,-0.06307692307692307,-0.10469595096126127,-0.04161902788433822,2000,-0.5792561184730057,0.5588120486418969,0.9075462268865568,exploratory_n_20_29,kidney,,FALSE,FALSE,not_robust,,,,,,,,,,,,,,,,,not_in_primary_permutation_family,,not_primary
KICH,CYP3A5,25,1,1,1,1,0.5107692307692309,-0.07307692307692308,-0.5838461538461539,2000,-1.0468328315983535,-0.01716281190616336,0.04497751124437781,exploratory_n_20_29,kidney,,TRUE,FALSE,not_robust,,,,,,,,,,,,,,,,,not_in_primary_permutation_family,,not_primary
KICH,CYP3A7,25,1,1,0.96,0.96,0.7138461538461538,0.07615384615384616,-0.6376923076923077,2000,-1.0045928883613016,-0.20711403690085917,0.00299850074962518,exploratory_n_20_29,kidney,,TRUE,FALSE,not_robust,,,,,,,,,,,,,,,,,not_in_primary_permutation_family,,not_primary
KIRC,CYP3A4,72,1,1,1,0.9861111111111112,0.8820502926233199,0.14933436233841407,-0.7327159302849058,2000,-0.9801316085851268,-0.4661366542898725,9.995002498750624e-4,primary_n_ge_30,kidney,0.00666333499916708,TRUE,TRUE,more_negative_in_tumor,72,0.8820502926233199,0.14933436233841407,-0.7327159302849058,5000,5000,3.999200159968006e-4,2.827296036671137e-4,0.0030387806289793873,-0.3553331403948808,0.35858254550131785,joint within-patient normal/tumor label swap for both genes,0.002666133439978671,40,TRUE,TRUE,primary_permutation_estimable,TRUE,robust_by_both
KIRC,CYP3A43,72,1,1,0.875,0.8888888888888888,0.24655605675314643,0.032942996521070383,-0.21361306023207605,2000,-0.5086755019760667,0.09805927969357586,0.19590204897551225,primary_n_ge_30,kidney,0.41179410294852575,TRUE,FALSE,not_robust,72,0.24655605675314643,0.032942996521070383,-0.21361306023207605,5000,5000,0.1933613277344531,0.005584649252441011,-0.0013866839673231796,-0.32405902823199084,0.3325914786745664,joint within-patient normal/tumor label swap for both genes,0.39832033593281346,40,TRUE,FALSE,primary_permutation_estimable,TRUE,not_robust_by_either
KIRC,CYP3A5,72,1,1,1,1,0.6637725898771626,0.11020001286256352,-0.553572577014599,2000,-0.8337583301879448,-0.2855520827488945,9.995002498750624e-4,primary_n_ge_30,kidney,0.00666333499916708,TRUE,TRUE,more_negative_in_tumor,72,0.6637725898771626,0.11020001286256352,-0.553572577014599,5000,5000,1.999600079984003e-4,1.9994001499650077e-4,0.003778378030741547,-0.2744525371406522,0.27406907196604274,joint within-patient normal/tumor label swap for both genes,0.001999600079984003,40,TRUE,TRUE,primary_permutation_estimable,TRUE,robust_by_both
KIRC,CYP3A7,72,1,1,1,0.9861111111111112,0.8439127918194098,0.20091324200913244,-0.6429995498102774,2000,-0.9104646750327586,-0.3917413427765272,9.995002498750624e-4,primary_n_ge_30,kidney,0.00666333499916708,TRUE,TRUE,more_negative_in_tumor,72,0.8439127918194098,0.20091324200913244,-0.6429995498102774,5000,5000,3.999200159968006e-4,2.827296036671137e-4,-0.0012862563508907465,-0.3403265483310824,0.34875072351919717,joint within-patient normal/tumor label swap for both genes,0.002666133439978671,40,TRUE,TRUE,primary_permutation_estimable,TRUE,robust_by_both
KIRP,CYP3A4,32,1,1,1,0.96875,0.939516129032258,0.25513196480938416,-0.6843841642228738,2000,-1.0380221881560625,-0.37364612787793217,9.995002498750624e-4,primary_n_ge_30,kidney,0.00666333499916708,TRUE,TRUE,more_negative_in_tumor,32,0.939516129032258,0.25513196480938416,-0.6843841642228738,5000,5000,1.999600079984003e-4,1.9994001499650077e-4,0.0021994134897360684,-0.3361436950146626,0.32882148093841634,joint within-patient normal/tumor label swap for both genes,0.001999600079984003,40,TRUE,TRUE,primary_permutation_estimable,TRUE,robust_by_both
KIRP,CYP3A43,32,1,1,0.90625,0.75,-0.09790979756212884,0.2703214514521004,0.3682312490142292,2000,-0.1934888245150705,0.9113877691374208,0.2048975512243878,primary_n_ge_30,kidney,0.41179410294852575,TRUE,FALSE,not_robust,32,-0.09790979756212884,0.2703214514521004,0.3682312490142292,5000,5000,0.16116776644671066,0.005199340042128722,0.0026245465855090355,-0.5073422629332012,0.5158490972110977,joint within-patient normal/tumor label swap for both genes,0.3914511215403978,40,TRUE,FALSE,primary_permutation_estimable,TRUE,not_robust_by_either
KIRP,CYP3A5,32,1,1,1,1,0.6598240469208211,0.4274193548387096,-0.23240469208211145,2000,-0.5998831927640484,0.11168293923562528,0.16691654172913542,primary_n_ge_30,kidney,0.41179410294852575,TRUE,FALSE,not_robust,32,0.6598240469208211,0.42741935483870963,-0.23240469208211145,5000,5000,0.19916016796640673,0.005647362265012704,-3.665689149560114e-4,-0.34677419354838707,0.344208211143695,joint within-patient normal/tumor label swap for both genes,0.39832033593281346,40,TRUE,FALSE,primary_permutation_estimable,TRUE,not_robust_by_either
KIRP,CYP3A7,32,1,1,1,0.90625,0.875733137829912,0.2244224573334189,-0.6513106804964931,2000,-0.9983149560103006,-0.3418185544693501,9.995002498750624e-4,primary_n_ge_30,kidney,0.00666333499916708,TRUE,TRUE,more_negative_in_tumor,32,0.875733137829912,0.2244224573334189,-0.6513106804964931,5000,5000,1.999600079984003e-4,1.9994001499650077e-4,5.466266516363505e-4,-0.39606217509228975,0.40275455305787566,joint within-patient normal/tumor label swap for both genes,0.001999600079984003,40,TRUE,TRUE,primary_permutation_estimable,TRUE,robust_by_both
LUAD,CYP3A4,58,1,1,0.8620689655172413,0.8275862068965517,-0.09819368611123706,0.00739224140671344,0.10558592751795053,2000,-0.24405710397075217,0.45773690845508974,0.5387306346826587,primary_n_ge_30,lung,0.7369648509078793,FALSE,FALSE,not_robust,58,-0.09819368611123706,0.0073922414067134476,0.10558592751795051,5000,5000,0.6222755448910218,0.006855679262967996,0.004635717516627592,-0.3984410720324338,0.4035840725335282,joint within-patient normal/tumor label swap for both genes,0.8150627938928343,40,FALSE,FALSE,primary_permutation_estimable,TRUE,not_robust_by_either
LUAD,CYP3A43,58,1,1,0.7068965517241379,0.5344827586206896,-0.12735231563653046,0.09657858354481316,0.2239308991813436,2000,-0.1191845554382812,0.5574004866137746,0.20589705147426288,primary_n_ge_30,lung,0.41179410294852575,TRUE,FALSE,not_robust,58,-0.12735231563653046,0.09657858354481316,0.22393089918134362,5000,5000,0.1861627674465107,0.005504105672748485,-7.835991827483957e-4,-0.32320154288654956,0.3364050123664288,joint within-patient normal/tumor label swap for both genes,0.39832033593281346,40,TRUE,FALSE,primary_permutation_estimable,TRUE,not_robust_by_either
LUAD,CYP3A5,58,1,1,1,1,0.3497800609062105,0.08499184841120919,-0.2647882124950013,2000,-0.6172449000040587,0.12351612725455766,0.16991504247876063,primary_n_ge_30,lung,0.41179410294852575,TRUE,FALSE,not_robust,58,0.3497800609062105,0.08499184841120919,-0.2647882124950013,5000,5000,0.125374925014997,0.00468260881063553,-0.0024608569934479185,-0.34230982189547504,0.34341259343566377,joint within-patient normal/tumor label swap for both genes,0.3914511215403978,40,TRUE,FALSE,primary_permutation_estimable,TRUE,not_robust_by_either
LUAD,CYP3A7,58,1,1,1,0.8103448275862069,0.4358485342520532,0.34001630821907375,-0.09583222603297942,2000,-0.3992060197640591,0.20302725112170877,0.543728135932034,primary_n_ge_30,lung,0.7369648509078793,FALSE,FALSE,not_robust,58,0.43584853425205317,0.34001630821907375,-0.09583222603297942,5000,5000,0.3633273345330934,0.006801092965820145,4.607817155323213e-4,-0.1851199034645492,0.18663706033472008,joint within-patient normal/tumor label swap for both genes,0.6318736252749451,40,FALSE,FALSE,primary_permutation_estimable,TRUE,not_robust_by_either
LUSC,CYP3A4,51,1,1,0.9411764705882352,0.8823529411764706,-0.04321364737864778,0.23585055834953245,0.27906420572818025,2000,-0.09049702028134649,0.6358175079938233,0.13893053473263367,primary_n_ge_30,lung,0.41179410294852575,TRUE,FALSE,not_robust,51,-0.04321364737864778,0.23585055834953245,0.27906420572818025,5000,5000,0.16176764647070585,0.00520714433588891,-0.0025885533643974223,-0.38257748204273706,0.3924885394295271,joint within-patient normal/tumor label swap for both genes,0.3914511215403978,40,TRUE,FALSE,primary_permutation_estimable,TRUE,not_robust_by_either
LUSC,CYP3A43,51,1,1,0.8823529411764706,0.803921568627451,-0.35615199456005964,0.08572731073639862,0.44187930529645825,2000,0.03924796696642693,0.8058750249838577,0.02898550724637681,primary_n_ge_30,lung,0.12882447665056362,TRUE,FALSE,not_robust,51,-0.35615199456005964,0.08572731073639862,0.44187930529645825,5000,5000,0.03479304139172166,0.0025913614378675134,-3.849038746443559e-4,-0.40665709177560105,0.41214045713025377,joint within-patient normal/tumor label swap for both genes,0.13917216556688664,40,TRUE,FALSE,primary_permutation_estimable,TRUE,not_robust_by_either
LUSC,CYP3A5,51,1,1,1,1,0.24235294117647055,-0.1492307692307692,-0.39158371040723977,2000,-0.8008493135425797,0.05943305423738532,0.08395802098950525,primary_n_ge_30,lung,0.3053018945072918,TRUE,FALSE,not_robust,51,0.24235294117647058,-0.1492307692307692,-0.39158371040723977,5000,5000,0.023195360927814438,0.0021285114797963025,0.0015837104072398689,-0.3389298642533936,0.35304977375565577,joint within-patient normal/tumor label swap for both genes,0.10309049301250862,40,TRUE,FALSE,primary_permutation_estimable,TRUE,not_robust_by_either
LUSC,CYP3A7,51,1,1,1,0.7843137254901961,0.547601809954751,0.1270813082811874,-0.4205205016735637,2000,-0.7567937957684918,-0.07280058466682558,0.01999000499750125,primary_n_ge_30,lung,0.09995002498750626,TRUE,FALSE,not_robust,51,0.547601809954751,0.1270813082811874,-0.42052050167356364,5000,5000,1.999600079984003e-4,1.9994001499650077e-4,6.39533950340665e-5,-0.2002669518931647,0.1959703012632213,joint within-patient normal/tumor label swap for both genes,0.001999600079984003,40,TRUE,TRUE,primary_permutation_estimable,FALSE,permutation_only
PRAD,CYP3A4,52,1,1,0.9230769230769232,0.8653846153846154,-0.1347935644054715,-0.3125707644875061,-0.1777772000820346,2000,-0.5147369140336002,0.18406073112599952,0.3598200899550225,primary_n_ge_30,prostate,0.6542183453727682,FALSE,FALSE,not_robust,52,-0.1347935644054715,-0.3125707644875061,-0.1777772000820346,5000,5000,0.34133173365326935,0.006704914993785515,9.70249931740122e-4,-0.37345946135969843,0.3580198992919837,joint within-patient normal/tumor label swap for both genes,0.62060315209685335,40,FALSE,FALSE,primary_permutation_estimable,TRUE,not_robust_by_either
PRAD,CYP3A43,52,1,1,0.9807692307692308,0.9807692307692308,-0.306923930675318,-0.1214035686843678,0.18552036199095015,2000,-0.22294988632856944,0.5996029028395784,0.3868065967016492,primary_n_ge_30,prostate,0.6727071246985203,FALSE,FALSE,not_robust,52,-0.306923930675318,-0.12140356868436779,0.18552036199095018,5000,5000,0.40451909618076387,0.006940248265874497,-4.2687612054980936e-5,-0.42201186715615124,0.4205604883462818,joint within-patient normal/tumor label swap for both genes,0.6472305538892222,40,FALSE,FALSE,primary_permutation_estimable,TRUE,not_robust_by_either
PRAD,CYP3A5,52,1,1,1,1,-0.15239477503628446,0.2149748143088875,0.367369589345172,2000,-0.03392728207993927,0.7258528431623866,0.06996501749125437,primary_n_ge_30,prostate,0.2798600699650175,TRUE,FALSE,not_robust,52,-0.15239477503628446,0.21497481430888754,0.367369589345172,5000,5000,0.04559088182363527,0.002949700072470456,-7.256894049346985e-4,-0.35926107743532826,0.36225347904038246,joint within-patient normal/tumor label swap for both genes,0.16578502481321916,40,TRUE,FALSE,primary_permutation_estimable,TRUE,not_robust_by_either
PRAD,CYP3A7,52,1,1,0.9423076923076924,0.8461538461538461,-0.17310196157707128,-0.0777939396099386,0.09530802196713269,2000,-0.3553220825380524,0.562500112806267,0.6836581709145427,primary_n_ge_30,prostate,0.8783487044356609,FALSE,FALSE,not_robust,52,-0.17310196157707128,-0.0777939396099386,0.09530802196713267,5000,5000,0.6316736652669466,0.006820784746209398,0.002905069796275403,-0.39575611108037284,0.38171337640017494,joint within-patient normal/tumor label swap for both genes,0.8150627938928343,40,FALSE,FALSE,primary_permutation_estimable,TRUE,not_robust_by_either
STAD,CYP3A4,33,1,1,0.9696969696969696,1,0.1477272727272727,-0.01537433155080214,-0.16310160427807488,2000,-0.6655339614461393,0.3431453245727819,0.5237381309345327,primary_n_ge_30,stomach,0.7369648509078793,FALSE,FALSE,not_robust,33,0.14772727272727273,-0.01537433155080214,-0.16310160427807488,5000,5000,0.5728854229154169,0.006994837916191726,0.0011697860962566892,-0.530422794117647,0.5642546791443839,joint within-patient normal/tumor label swap for both genes,0.7901867902281613,40,FALSE,FALSE,primary_permutation_estimable,TRUE,not_robust_by_either
STAD,CYP3A43,33,1,1,0.696969696969697,0.7575757575757576,0.3786070919601917,-0.04264654245125235,-0.421253634411444,2000,-0.9109008803666272,0.07398452721304384,0.10194902548725636,primary_n_ge_30,stomach,0.33983008495752126,TRUE,FALSE,not_robust,33,0.3786070919601917,-0.04264654245125235,-0.42125363441144403,5000,5000,0.14437112577484504,0.004969977930267328,-0.0015687381223580404,-0.5486223019360074,0.5586033902931249,joint within-patient normal/tumor label swap for both genes,0.3914511215403978,40,TRUE,FALSE,primary_permutation_estimable,TRUE,not_robust_by_either
STAD,CYP3A5,33,1,1,1,1,-0.13135026737967914,-0.0855614973262032,0.04578877005347594,2000,-0.5515855255456139,0.6215116584341804,0.8575712143928036,primary_n_ge_30,stomach,0.9784581393513768,FALSE,FALSE,not_robust,33,-0.13135026737967914,-0.0855614973262032,0.04578877005347594,5000,5000,0.8792241551689662,0.0046079888579524326,0.006016042780748663,-0.5501671122994654,0.5631768048128342,joint within-patient normal/tumor label swap for both genes,0.9749844902814307,40,FALSE,FALSE,primary_permutation_estimable,TRUE,not_robust_by_either
STAD,CYP3A7,33,1,1,0.7878787878787878,0.7878787878787878,0.39122852772422106,0.07324258438127233,-0.3179859433429487,2000,-0.7998786994979851,0.17195795575319914,0.2018990504747626,primary_n_ge_30,stomach,0.41179410294852575,TRUE,FALSE,not_robust,33,0.39122852772422106,0.07324258438127233,-0.3179859433429487,5000,5000,0.16636672665466906,0.005266139130246002,5.781035642260096e-4,-0.4609327189306478,0.44348290863128276,joint within-patient normal/tumor label swap for both genes,0.3914511215403978,40,TRUE,FALSE,primary_permutation_estimable,TRUE,not_robust_by_either
THCA,CYP3A4,59,1,1,0.9661016949152542,0.9152542372881356,-0.18182615177498768,0.0839336599010873,0.265759811676075,2000,-0.10504739678225802,0.5894880224409889,0.16091954022988506,primary_n_ge_30,thyroid,0.41179410294852575,TRUE,FALSE,not_robust,59,-0.18182615177498768,0.0839336599010873,0.265759811676075,5000,5000,0.16376724655068986,0.005232975281378652,-0.0019692148561206574,-0.37197421476817766,0.3647761591857177,joint within-patient normal/tumor label swap for both genes,0.3914511215403978,40,TRUE,FALSE,primary_permutation_estimable,TRUE,not_robust_by_either
THCA,CYP3A43,59,1,1,0.7966101694915254,0.7796610169491526,0.04762743566783307,0.06544142441657386,0.01781398874874078,2000,-0.3377228105917541,0.39692002890333394,0.927536231884058,primary_n_ge_30,thyroid,0.9784581393513768,FALSE,FALSE,not_robust,59,0.04762743566783307,0.06544142441657386,0.017813988748740787,5000,5000,0.9140171965606879,0.0039641908668175945,-0.006194141910592185,-0.35128568444637304,0.3444874703870232,joint within-patient normal/tumor label swap for both genes,0.9749844902814307,40,FALSE,FALSE,primary_permutation_estimable,TRUE,not_robust_by_either
THCA,CYP3A5,59,1,1,1,1,0.06405610753945062,0.09929865575686736,0.03524254821741672,2000,-0.3620525857455564,0.41001967705676473,0.8765617191404298,primary_n_ge_30,thyroid,0.9784581393513768,FALSE,FALSE,not_robust,59,0.06405610753945062,0.09929865575686735,0.03524254821741672,5000,5000,0.8356328734253149,0.005240669988738762,0.004500292226767982,-0.34086060783167743,0.35956750438340135,joint within-patient normal/tumor label swap for both genes,0.9749844902814307,40,FALSE,FALSE,primary_permutation_estimable,TRUE,not_robust_by_either
THCA,CYP3A7,59,1,1,0.8135593220338984,0.7627118644067796,-0.05108766291829036,-0.0297712721618726,0.02131639075641775,2000,-0.34813287697203116,0.3706386607452309,0.929535232383808,primary_n_ge_30,thyroid,0.9784581393513768,FALSE,FALSE,not_robust,59,-0.05108766291829036,-0.029771272161872604,0.021316390756417756,5000,5000,0.9032193561287742,0.004180829379651721,-0.003547495187713399,-0.3631067977023433,0.35435925022888054,joint within-patient normal/tumor label swap for both genes,0.9749844902814307,40,FALSE,FALSE,primary_permutation_estimable,TRUE,not_robust_by_either
