figure,grob_path,label,fontsize_pt
Figure4A_round3B_denominator_aligned_recurrence_null,root/grobs/3/children/GRID.absoluteGrob.1109/children/axis/grobs/2/children/GRID.text.1107,"""0.00"" | ""0.25"" | ""0.50"" | ""0.75"" | ""1.00""",8
Figure4A_round3B_denominator_aligned_recurrence_null,root/grobs/6/children/panel-1.gTree.1100/children/GRID.text.1075,"""q=0.073"" | ""q=0.073"" | """" | ""q=0.535"" | """"",8.109035433070867
Figure4A_round3B_denominator_aligned_recurrence_null,root/grobs/6/children/panel-1.gTree.1100/children/GRID.text.1076,"""common denominator: 10"" | ""common denominator: 7"" | """" | ""common denominator: 4"" | """"",7.53998031496063
Figure4A_round3B_denominator_aligned_recurrence_null,root/grobs/6/children/panel-1.gTree.1100/children/GRID.text.1077,"""eligible profiles: 40"" | ""eligible profiles: 89"" | """" | ""eligible profiles: 281"" | """"",7.53998031496063
Figure4A_round3B_denominator_aligned_recurrence_null,root/grobs/6/children/panel-1.gTree.1100/children/geom_label.gTree.1087/children/GRID.gTree.1082/children/GRID.titleGrob.1081/children/GRID.text.1079,"""Not evaluable\n5 eligible profiles (<20)""",8.535826771653543
Figure4A_round3B_denominator_aligned_recurrence_null,root/grobs/6/children/panel-1.gTree.1100/children/geom_label.gTree.1087/children/GRID.gTree.1085/children/GRID.titleGrob.1084/children/GRID.text.1083,"""Not evaluable\n2 target contexts (<4)""",8.535826771653543
Figure4A_round3B_denominator_aligned_recurrence_null,root/grobs/7/children/GRID.absoluteGrob.1105/children/axis/grobs/2/children/GRID.text.1102,"""MAOB"" | ""CYP3A4"" | ""CYP3A5"" | ""CYP3A7"" | ""CYP3A43""",8
Figure4A_round3B_denominator_aligned_recurrence_null,root/grobs/13/children/axis.title.y.left..titleGrob.1113/children/GRID.text.1110,"""Fraction of cancers with loss""",9
Figure4A_round3B_denominator_aligned_recurrence_null,root/grobs/20/children/plot.subtitle..titleGrob.1120/children/GRID.text.1118,"""Grey distributions show complete background-gene profiles evaluated on the same cancer set as each target at\nthe 80% setting; diamonds show targets.""",8
Figure4A_round3B_denominator_aligned_recurrence_null,root/grobs/21/children/plot.title..titleGrob.1117/children/GRID.text.1114,"""Denominator-aligned cross-cancer recurrence null""",10.5
Figure4A_round3B_denominator_aligned_recurrence_null,root/grobs/22/children/plot.caption..titleGrob.1124/children/GRID.text.1121,"""Not evaluable is distinct from evidence of no change.""",7.5
Figure4A_round3B_denominator_aligned_recurrence_null,root/children/panel.9-7-9-7/children/panel-1.gTree.1100/children/GRID.text.1075,"""q=0.073"" | ""q=0.073"" | """" | ""q=0.535"" | """"",8.109035433070867
Figure4A_round3B_denominator_aligned_recurrence_null,root/children/panel.9-7-9-7/children/panel-1.gTree.1100/children/GRID.text.1076,"""common denominator: 10"" | ""common denominator: 7"" | """" | ""common denominator: 4"" | """"",7.53998031496063
Figure4A_round3B_denominator_aligned_recurrence_null,root/children/panel.9-7-9-7/children/panel-1.gTree.1100/children/GRID.text.1077,"""eligible profiles: 40"" | ""eligible profiles: 89"" | """" | ""eligible profiles: 281"" | """"",7.53998031496063
Figure4A_round3B_denominator_aligned_recurrence_null,root/children/panel.9-7-9-7/children/panel-1.gTree.1100/children/geom_label.gTree.1087/children/GRID.gTree.1082/children/GRID.titleGrob.1081/children/GRID.text.1079,"""Not evaluable\n5 eligible profiles (<20)""",8.535826771653543
Figure4A_round3B_denominator_aligned_recurrence_null,root/children/panel.9-7-9-7/children/panel-1.gTree.1100/children/geom_label.gTree.1087/children/GRID.gTree.1085/children/GRID.titleGrob.1084/children/GRID.text.1083,"""Not evaluable\n2 target contexts (<4)""",8.535826771653543
Figure4A_round3B_denominator_aligned_recurrence_null,root/children/axis-l.9-6-9-6/children/GRID.absoluteGrob.1109/children/axis/grobs/2/children/GRID.titleGrob.1108/children/GRID.text.1107,"""0.00"" | ""0.25"" | ""0.50"" | ""0.75"" | ""1.00""",8
Figure4A_round3B_denominator_aligned_recurrence_null,root/children/axis-l.9-6-9-6/children/GRID.absoluteGrob.1109/children/axis/children/axis.1-3-1-3/children/GRID.titleGrob.1108/children/GRID.text.1107,"""0.00"" | ""0.25"" | ""0.50"" | ""0.75"" | ""1.00""",8
Figure4A_round3B_denominator_aligned_recurrence_null,root/children/axis-b.10-7-10-7/children/GRID.absoluteGrob.1105/children/axis/grobs/2/children/GRID.titleGrob.1104/children/GRID.text.1102,"""MAOB"" | ""CYP3A4"" | ""CYP3A5"" | ""CYP3A7"" | ""CYP3A43""",8
Figure4A_round3B_denominator_aligned_recurrence_null,root/children/axis-b.10-7-10-7/children/GRID.absoluteGrob.1105/children/axis/children/axis.4-1-4-1/children/GRID.titleGrob.1104/children/GRID.text.1102,"""MAOB"" | ""CYP3A4"" | ""CYP3A5"" | ""CYP3A7"" | ""CYP3A43""",8
Figure4A_round3B_denominator_aligned_recurrence_null,root/children/ylab-l.9-5-9-5/children/axis.title.y.left..titleGrob.1113/children/GRID.text.1110,"""Fraction of cancers with loss""",9
Figure4A_round3B_denominator_aligned_recurrence_null,root/children/subtitle.4-11-4-3/children/plot.subtitle..titleGrob.1120/children/GRID.text.1118,"""Grey distributions show complete background-gene profiles evaluated on the same cancer set as each target at\nthe 80% setting; diamonds show targets.""",8
Figure4A_round3B_denominator_aligned_recurrence_null,root/children/title.3-11-3-3/children/plot.title..titleGrob.1117/children/GRID.text.1114,"""Denominator-aligned cross-cancer recurrence null""",10.5
Figure4A_round3B_denominator_aligned_recurrence_null,root/children/caption.14-11-14-3/children/plot.caption..titleGrob.1124/children/GRID.text.1121,"""Not evaluable is distinct from evidence of no change.""",7.5
Figure4B_round3B_coverage_sensitivity,root/grobs/3/children/GRID.absoluteGrob.1434/children/axis/grobs/2/children/GRID.text.1432,"""0.01"" | ""0.025"" | ""0.05"" | ""0.10"" | ""0.25"" | ""0.50"" | ""1.00""",8
Figure4B_round3B_coverage_sensitivity,root/grobs/7/children/GRID.absoluteGrob.1430/children/axis/grobs/2/children/GRID.text.1428,"""50%"" | ""60%"" | ""70%"" | ""80%"" | ""90%""",8
Figure4B_round3B_coverage_sensitivity,root/grobs/13/children/axis.title.y.left..titleGrob.1437/children/GRID.text.1435,"""FDR (log scale)""",9
Figure4B_round3B_coverage_sensitivity,root/grobs/17/children/guide-box/grobs/1/grobs/6/children/GRID.text.1445,"""MAOB""",7.5
Figure4B_round3B_coverage_sensitivity,root/grobs/17/children/guide-box/grobs/1/grobs/7/children/GRID.text.1448,"""CYP3A4""",7.5
Figure4B_round3B_coverage_sensitivity,root/grobs/17/children/guide-box/grobs/1/grobs/8/children/GRID.text.1451,"""CYP3A5""",7.5
Figure4B_round3B_coverage_sensitivity,root/grobs/17/children/guide-box/grobs/1/grobs/9/children/GRID.text.1454,"""CYP3A7""",7.5
Figure4B_round3B_coverage_sensitivity,root/grobs/17/children/guide-box/grobs/1/grobs/10/children/GRID.text.1457,"""CYP3A43""",7.5
Figure4B_round3B_coverage_sensitivity,root/grobs/17/children/guide-box/grobs/1/grobs/11/children/GRID.text.1442,"""Gene""",8
Figure4B_round3B_coverage_sensitivity,root/grobs/17/children/guide-box/grobs/2/grobs/3/children/GRID.text.1480,"""Recurrent loss (primary)""",7.5
Figure4B_round3B_coverage_sensitivity,root/grobs/17/children/guide-box/grobs/2/grobs/4/children/GRID.text.1483,"""Negative median (supplementary)""",7.5
Figure4B_round3B_coverage_sensitivity,root/grobs/17/children/guide-box/grobs/2/grobs/5/children/GRID.text.1477,"""Endpoint""",8
Figure4B_round3B_coverage_sensitivity,root/grobs/20/children/plot.subtitle..titleGrob.1497/children/GRID.text.1495,"""Solid lines show recurrent loss (primary endpoint); dashed lines show negative median (supplementary endpoint). The\ndotted line marks FDR = 0.05.""",8
Figure4B_round3B_coverage_sensitivity,root/grobs/21/children/plot.title..titleGrob.1494/children/GRID.text.1492,"""Coverage sensitivity of denominator-aligned recurrence tests""",10.5
Figure4B_round3B_coverage_sensitivity,root/children/axis-l.9-6-9-6/children/GRID.absoluteGrob.1434/children/axis/grobs/2/children/GRID.titleGrob.1433/children/GRID.text.1432,"""0.01"" | ""0.025"" | ""0.05"" | ""0.10"" | ""0.25"" | ""0.50"" | ""1.00""",8
Figure4B_round3B_coverage_sensitivity,root/children/axis-l.9-6-9-6/children/GRID.absoluteGrob.1434/children/axis/children/axis.1-3-1-3/children/GRID.titleGrob.1433/children/GRID.text.1432,"""0.01"" | ""0.025"" | ""0.05"" | ""0.10"" | ""0.25"" | ""0.50"" | ""1.00""",8
Figure4B_round3B_coverage_sensitivity,root/children/axis-b.10-7-10-7/children/GRID.absoluteGrob.1430/children/axis/grobs/2/children/GRID.titleGrob.1429/children/GRID.text.1428,"""50%"" | ""60%"" | ""70%"" | ""80%"" | ""90%""",8
Figure4B_round3B_coverage_sensitivity,root/children/axis-b.10-7-10-7/children/GRID.absoluteGrob.1430/children/axis/children/axis.4-1-4-1/children/GRID.titleGrob.1429/children/GRID.text.1428,"""50%"" | ""60%"" | ""70%"" | ""80%"" | ""90%""",8
Figure4B_round3B_coverage_sensitivity,root/children/ylab-l.9-5-9-5/children/axis.title.y.left..titleGrob.1437/children/GRID.text.1435,"""FDR (log scale)""",9
Figure4B_round3B_coverage_sensitivity,root/children/guide-box-bottom.13-7-13-7/children/guide-box/grobs/1/children/layout/grobs/6/children/GRID.text.1445,"""MAOB""",7.5
Figure4B_round3B_coverage_sensitivity,root/children/guide-box-bottom.13-7-13-7/children/guide-box/grobs/1/children/layout/grobs/7/children/GRID.text.1448,"""CYP3A4""",7.5
Figure4B_round3B_coverage_sensitivity,root/children/guide-box-bottom.13-7-13-7/children/guide-box/grobs/1/children/layout/grobs/8/children/GRID.text.1451,"""CYP3A5""",7.5
Figure4B_round3B_coverage_sensitivity,root/children/guide-box-bottom.13-7-13-7/children/guide-box/grobs/1/children/layout/grobs/9/children/GRID.text.1454,"""CYP3A7""",7.5
Figure4B_round3B_coverage_sensitivity,root/children/guide-box-bottom.13-7-13-7/children/guide-box/grobs/1/children/layout/grobs/10/children/GRID.text.1457,"""CYP3A43""",7.5
Figure4B_round3B_coverage_sensitivity,root/children/guide-box-bottom.13-7-13-7/children/guide-box/grobs/1/children/layout/grobs/11/children/GRID.text.1442,"""Gene""",8
Figure4B_round3B_coverage_sensitivity,root/children/guide-box-bottom.13-7-13-7/children/guide-box/grobs/2/children/layout/grobs/3/children/GRID.text.1480,"""Recurrent loss (primary)""",7.5
Figure4B_round3B_coverage_sensitivity,root/children/guide-box-bottom.13-7-13-7/children/guide-box/grobs/2/children/layout/grobs/4/children/GRID.text.1483,"""Negative median (supplementary)""",7.5
Figure4B_round3B_coverage_sensitivity,root/children/guide-box-bottom.13-7-13-7/children/guide-box/grobs/2/children/layout/grobs/5/children/GRID.text.1477,"""Endpoint""",8
Figure4B_round3B_coverage_sensitivity,root/children/guide-box-bottom.13-7-13-7/children/guide-box/children/guides.3-3-3-3/children/layout/grobs/6/children/guide.label.titleGrob.1447/children/GRID.text.1445,"""MAOB""",7.5
Figure4B_round3B_coverage_sensitivity,root/children/guide-box-bottom.13-7-13-7/children/guide-box/children/guides.3-3-3-3/children/layout/grobs/7/children/guide.label.titleGrob.1450/children/GRID.text.1448,"""CYP3A4""",7.5
Figure4B_round3B_coverage_sensitivity,root/children/guide-box-bottom.13-7-13-7/children/guide-box/children/guides.3-3-3-3/children/layout/grobs/8/children/guide.label.titleGrob.1453/children/GRID.text.1451,"""CYP3A5""",7.5
Figure4B_round3B_coverage_sensitivity,root/children/guide-box-bottom.13-7-13-7/children/guide-box/children/guides.3-3-3-3/children/layout/grobs/9/children/guide.label.titleGrob.1456/children/GRID.text.1454,"""CYP3A7""",7.5
Figure4B_round3B_coverage_sensitivity,root/children/guide-box-bottom.13-7-13-7/children/guide-box/children/guides.3-3-3-3/children/layout/grobs/10/children/guide.label.titleGrob.1459/children/GRID.text.1457,"""CYP3A43""",7.5
Figure4B_round3B_coverage_sensitivity,root/children/guide-box-bottom.13-7-13-7/children/guide-box/children/guides.3-3-3-3/children/layout/grobs/11/children/guide.title.titleGrob.1444/children/GRID.text.1442,"""Gene""",8
Figure4B_round3B_coverage_sensitivity,root/children/guide-box-bottom.13-7-13-7/children/guide-box/children/guides.3-3-3-3/children/layout/children/title.2-2-2-2/children/guide.title.titleGrob.1444/children/GRID.text.1442,"""Gene""",8
Figure4B_round3B_coverage_sensitivity,root/children/guide-box-bottom.13-7-13-7/children/guide-box/children/guides.3-3-3-3/children/layout/children/label-1-2.2-4-2-4/children/guide.label.titleGrob.1447/children/GRID.text.1445,"""MAOB""",7.5
Figure4B_round3B_coverage_sensitivity,root/children/guide-box-bottom.13-7-13-7/children/guide-box/children/guides.3-3-3-3/children/layout/children/label-1-5.2-7-2-7/children/guide.label.titleGrob.1450/children/GRID.text.1448,"""CYP3A4""",7.5
Figure4B_round3B_coverage_sensitivity,root/children/guide-box-bottom.13-7-13-7/children/guide-box/children/guides.3-3-3-3/children/layout/children/label-1-8.2-10-2-10/children/guide.label.titleGrob.1453/children/GRID.text.1451,"""CYP3A5""",7.5
Figure4B_round3B_coverage_sensitivity,root/children/guide-box-bottom.13-7-13-7/children/guide-box/children/guides.3-3-3-3/children/layout/children/label-1-11.2-13-2-13/children/guide.label.titleGrob.1456/children/GRID.text.1454,"""CYP3A7""",7.5
Figure4B_round3B_coverage_sensitivity,root/children/guide-box-bottom.13-7-13-7/children/guide-box/children/guides.3-3-3-3/children/layout/children/label-1-14.2-16-2-16/children/guide.label.titleGrob.1459/children/GRID.text.1457,"""CYP3A43""",7.5
Figure4B_round3B_coverage_sensitivity,root/children/guide-box-bottom.13-7-13-7/children/guide-box/children/guides.5-3-5-3/children/layout/grobs/3/children/guide.label.titleGrob.1482/children/GRID.text.1480,"""Recurrent loss (primary)""",7.5
Figure4B_round3B_coverage_sensitivity,root/children/guide-box-bottom.13-7-13-7/children/guide-box/children/guides.5-3-5-3/children/layout/grobs/4/children/guide.label.titleGrob.1485/children/GRID.text.1483,"""Negative median (supplementary)""",7.5
Figure4B_round3B_coverage_sensitivity,root/children/guide-box-bottom.13-7-13-7/children/guide-box/children/guides.5-3-5-3/children/layout/grobs/5/children/guide.title.titleGrob.1479/children/GRID.text.1477,"""Endpoint""",8
Figure4B_round3B_coverage_sensitivity,root/children/guide-box-bottom.13-7-13-7/children/guide-box/children/guides.5-3-5-3/children/layout/children/title.2-2-2-2/children/guide.title.titleGrob.1479/children/GRID.text.1477,"""Endpoint""",8
Figure4B_round3B_coverage_sensitivity,root/children/guide-box-bottom.13-7-13-7/children/guide-box/children/guides.5-3-5-3/children/layout/children/label-1-2.2-4-2-4/children/guide.label.titleGrob.1482/children/GRID.text.1480,"""Recurrent loss (primary)""",7.5
Figure4B_round3B_coverage_sensitivity,root/children/guide-box-bottom.13-7-13-7/children/guide-box/children/guides.5-3-5-3/children/layout/children/label-1-5.2-7-2-7/children/guide.label.titleGrob.1485/children/GRID.text.1483,"""Negative median (supplementary)""",7.5
Figure4B_round3B_coverage_sensitivity,root/children/subtitle.4-11-4-3/children/plot.subtitle..titleGrob.1497/children/GRID.text.1495,"""Solid lines show recurrent loss (primary endpoint); dashed lines show negative median (supplementary endpoint). The\ndotted line marks FDR = 0.05.""",8
Figure4B_round3B_coverage_sensitivity,root/children/title.3-11-3-3/children/plot.title..titleGrob.1494/children/GRID.text.1492,"""Coverage sensitivity of denominator-aligned recurrence tests""",10.5
Figure4B_round3B_coverage_sensitivity,root/grobs/3/children/GRID.absoluteGrob.1522/children/axis/grobs/2/children/GRID.text.1520,"""CYP3A43"" | ""CYP3A7"" | ""CYP3A5"" | ""CYP3A4"" | ""MAOB""",8
Figure4B_round3B_coverage_sensitivity,root/grobs/6/children/panel-1.gTree.1514/children/GRID.text.1503,"""E"" | ""E"" | ""E"" | ""E"" | ""NE\n6 profiles"" | ""E"" | ""E"" | ""E"" | ""E"" | ""NE\n3 profiles"" | ""E"" | ""E"" | ""NE\n12 profiles"" | ""NE\n5 profiles"" | ""NE\n1 profiles"" | ""E"" | ""E"" | ""E"" | ""E"" | ""NE\n15 profiles"" | ""NE\n2 contexts"" | ""NE\n2 contexts"" | ""NE\n2 contexts"" | ""NE\n2 contexts"" | ""NE\n2 contexts""",7.68224409448819
Figure4B_round3B_coverage_sensitivity,root/grobs/7/children/GRID.absoluteGrob.1518/children/axis/grobs/2/children/GRID.text.1516,"""50%"" | ""60%"" | ""70%"" | ""80%"" | ""90%""",8
Figure4B_round3B_coverage_sensitivity,root/grobs/12/children/axis.title.x.bottom..titleGrob.1525/children/GRID.text.1523,"""Minimum coverage setting""",9
Figure4B_round3B_coverage_sensitivity,root/grobs/17/children/guide-box/grobs/1/grobs/3/children/GRID.text.1533,"""Evaluable""",7.5
Figure4B_round3B_coverage_sensitivity,root/grobs/17/children/guide-box/grobs/1/grobs/4/children/GRID.text.1536,"""Not evaluable""",7.5
Figure4B_round3B_coverage_sensitivity,root/grobs/17/children/guide-box/grobs/1/grobs/5/children/GRID.text.1530,"""Cell status""",8
Figure4B_round3B_coverage_sensitivity,root/grobs/20/children/plot.subtitle..titleGrob.1546/children/GRID.text.1544,"""Status strip for all 25 gene-coverage cells. E = evaluable; NE = not evaluable. Vertical position in this strip\ndoes not represent FDR.""",8
Figure4B_round3B_coverage_sensitivity,root/children/panel.9-7-9-7/children/panel-1.gTree.1514/children/GRID.text.1503,"""E"" | ""E"" | ""E"" | ""E"" | ""NE\n6 profiles"" | ""E"" | ""E"" | ""E"" | ""E"" | ""NE\n3 profiles"" | ""E"" | ""E"" | ""NE\n12 profiles"" | ""NE\n5 profiles"" | ""NE\n1 profiles"" | ""E"" | ""E"" | ""E"" | ""E"" | ""NE\n15 profiles"" | ""NE\n2 contexts"" | ""NE\n2 contexts"" | ""NE\n2 contexts"" | ""NE\n2 contexts"" | ""NE\n2 contexts""",7.68224409448819
Figure4B_round3B_coverage_sensitivity,root/children/axis-l.9-6-9-6/children/GRID.absoluteGrob.1522/children/axis/grobs/2/children/GRID.titleGrob.1521/children/GRID.text.1520,"""CYP3A43"" | ""CYP3A7"" | ""CYP3A5"" | ""CYP3A4"" | ""MAOB""",8
Figure4B_round3B_coverage_sensitivity,root/children/axis-l.9-6-9-6/children/GRID.absoluteGrob.1522/children/axis/children/axis.1-3-1-3/children/GRID.titleGrob.1521/children/GRID.text.1520,"""CYP3A43"" | ""CYP3A7"" | ""CYP3A5"" | ""CYP3A4"" | ""MAOB""",8
Figure4B_round3B_coverage_sensitivity,root/children/axis-b.10-7-10-7/children/GRID.absoluteGrob.1518/children/axis/grobs/2/children/GRID.titleGrob.1517/children/GRID.text.1516,"""50%"" | ""60%"" | ""70%"" | ""80%"" | ""90%""",8
Figure4B_round3B_coverage_sensitivity,root/children/axis-b.10-7-10-7/children/GRID.absoluteGrob.1518/children/axis/children/axis.4-1-4-1/children/GRID.titleGrob.1517/children/GRID.text.1516,"""50%"" | ""60%"" | ""70%"" | ""80%"" | ""90%""",8
Figure4B_round3B_coverage_sensitivity,root/children/xlab-b.11-7-11-7/children/axis.title.x.bottom..titleGrob.1525/children/GRID.text.1523,"""Minimum coverage setting""",9
Figure4B_round3B_coverage_sensitivity,root/children/guide-box-bottom.13-7-13-7/children/guide-box/grobs/1/children/layout/grobs/3/children/GRID.text.1533,"""Evaluable""",7.5
Figure4B_round3B_coverage_sensitivity,root/children/guide-box-bottom.13-7-13-7/children/guide-box/grobs/1/children/layout/grobs/4/children/GRID.text.1536,"""Not evaluable""",7.5
Figure4B_round3B_coverage_sensitivity,root/children/guide-box-bottom.13-7-13-7/children/guide-box/grobs/1/children/layout/grobs/5/children/GRID.text.1530,"""Cell status""",8
Figure4B_round3B_coverage_sensitivity,root/children/guide-box-bottom.13-7-13-7/children/guide-box/children/guides.3-3-3-3/children/layout/grobs/3/children/guide.label.titleGrob.1535/children/GRID.text.1533,"""Evaluable""",7.5
Figure4B_round3B_coverage_sensitivity,root/children/guide-box-bottom.13-7-13-7/children/guide-box/children/guides.3-3-3-3/children/layout/grobs/4/children/guide.label.titleGrob.1538/children/GRID.text.1536,"""Not evaluable""",7.5
Figure4B_round3B_coverage_sensitivity,root/children/guide-box-bottom.13-7-13-7/children/guide-box/children/guides.3-3-3-3/children/layout/grobs/5/children/guide.title.titleGrob.1532/children/GRID.text.1530,"""Cell status""",8
Figure4B_round3B_coverage_sensitivity,root/children/guide-box-bottom.13-7-13-7/children/guide-box/children/guides.3-3-3-3/children/layout/children/title.2-2-2-2/children/guide.title.titleGrob.1532/children/GRID.text.1530,"""Cell status""",8
Figure4B_round3B_coverage_sensitivity,root/children/guide-box-bottom.13-7-13-7/children/guide-box/children/guides.3-3-3-3/children/layout/children/label-1-2.2-4-2-4/children/guide.label.titleGrob.1535/children/GRID.text.1533,"""Evaluable""",7.5
Figure4B_round3B_coverage_sensitivity,root/children/guide-box-bottom.13-7-13-7/children/guide-box/children/guides.3-3-3-3/children/layout/children/label-1-5.2-7-2-7/children/guide.label.titleGrob.1538/children/GRID.text.1536,"""Not evaluable""",7.5
Figure4B_round3B_coverage_sensitivity,root/children/subtitle.4-11-4-3/children/plot.subtitle..titleGrob.1546/children/GRID.text.1544,"""Status strip for all 25 gene-coverage cells. E = evaluable; NE = not evaluable. Vertical position in this strip\ndoes not represent FDR.""",8
Figure4C_round3B_MAOB_organ_collapsed_sensitivity,root/grobs/3/children/GRID.absoluteGrob.1715/children/axis/grobs/2/children/GRID.text.1713,"""0.00"" | ""0.25"" | ""0.50"" | ""0.75"" | ""1.00""",8
Figure4C_round3B_MAOB_organ_collapsed_sensitivity,root/grobs/6/children/panel-1.gTree.1707/children/geom_label.gTree.1685/children/GRID.gTree.1677/children/GRID.titleGrob.1676/children/GRID.text.1675,"""5/5 organs; loss fraction=1.00\nraw P=0.0061; profiles=162""",8.535826771653543
Figure4C_round3B_MAOB_organ_collapsed_sensitivity,root/grobs/6/children/panel-1.gTree.1707/children/geom_label.gTree.1685/children/GRID.gTree.1680/children/GRID.titleGrob.1679/children/GRID.text.1678,"""6/6 organs; loss fraction=1.00\nraw P=0.0111; profiles=89""",8.535826771653543
Figure4C_round3B_MAOB_organ_collapsed_sensitivity,root/grobs/6/children/panel-1.gTree.1707/children/geom_label.gTree.1685/children/GRID.gTree.1683/children/GRID.titleGrob.1682/children/GRID.text.1681,"""7/7 organs; loss fraction=1.00\nraw P=0.0217; profiles=45""",8.535826771653543
Figure4C_round3B_MAOB_organ_collapsed_sensitivity,root/grobs/6/children/panel-1.gTree.1707/children/geom_label.gTree.1693/children/GRID.gTree.1688/children/GRID.titleGrob.1687/children/GRID.text.1686,"""Not evaluable\n6 profiles (<20)""",8.535826771653543
Figure4C_round3B_MAOB_organ_collapsed_sensitivity,root/grobs/6/children/panel-1.gTree.1707/children/geom_label.gTree.1693/children/GRID.gTree.1691/children/GRID.titleGrob.1690/children/GRID.text.1689,"""Not evaluable\n0 profiles (<20)""",8.535826771653543
Figure4C_round3B_MAOB_organ_collapsed_sensitivity,root/grobs/7/children/GRID.absoluteGrob.1711/children/axis/grobs/2/children/GRID.text.1709,"""50%"" | ""60%"" | ""70%"" | ""80%"" | ""90%""",8
Figure4C_round3B_MAOB_organ_collapsed_sensitivity,root/grobs/12/children/axis.title.x.bottom..titleGrob.1718/children/GRID.text.1716,"""Minimum coverage setting""",9
Figure4C_round3B_MAOB_organ_collapsed_sensitivity,root/grobs/13/children/axis.title.y.left..titleGrob.1721/children/GRID.text.1719,"""Observed MAOB loss fraction across organ units""",9
Figure4C_round3B_MAOB_organ_collapsed_sensitivity,root/grobs/20/children/plot.subtitle..titleGrob.1727/children/GRID.text.1725,"""KICH/KIRC/KIRP were collapsed to kidney and LUAD/LUSC to lung by median logFC. Labels report unadjusted\nrecurrent-loss P values.""",8
Figure4C_round3B_MAOB_organ_collapsed_sensitivity,root/grobs/21/children/plot.title..titleGrob.1724/children/GRID.text.1722,"""Organ-collapsed sensitivity of MAOB recurrence""",10.5
Figure4C_round3B_MAOB_organ_collapsed_sensitivity,root/grobs/22/children/plot.caption..titleGrob.1730/children/GRID.text.1728,"""Not-evaluable positions are display locations and do not represent effect size or P value.""",7.5
Figure4C_round3B_MAOB_organ_collapsed_sensitivity,root/children/panel.9-7-9-7/children/panel-1.gTree.1707/children/geom_label.gTree.1685/children/GRID.gTree.1677/children/GRID.titleGrob.1676/children/GRID.text.1675,"""5/5 organs; loss fraction=1.00\nraw P=0.0061; profiles=162""",8.535826771653543
Figure4C_round3B_MAOB_organ_collapsed_sensitivity,root/children/panel.9-7-9-7/children/panel-1.gTree.1707/children/geom_label.gTree.1685/children/GRID.gTree.1680/children/GRID.titleGrob.1679/children/GRID.text.1678,"""6/6 organs; loss fraction=1.00\nraw P=0.0111; profiles=89""",8.535826771653543
Figure4C_round3B_MAOB_organ_collapsed_sensitivity,root/children/panel.9-7-9-7/children/panel-1.gTree.1707/children/geom_label.gTree.1685/children/GRID.gTree.1683/children/GRID.titleGrob.1682/children/GRID.text.1681,"""7/7 organs; loss fraction=1.00\nraw P=0.0217; profiles=45""",8.535826771653543
Figure4C_round3B_MAOB_organ_collapsed_sensitivity,root/children/panel.9-7-9-7/children/panel-1.gTree.1707/children/geom_label.gTree.1693/children/GRID.gTree.1688/children/GRID.titleGrob.1687/children/GRID.text.1686,"""Not evaluable\n6 profiles (<20)""",8.535826771653543
Figure4C_round3B_MAOB_organ_collapsed_sensitivity,root/children/panel.9-7-9-7/children/panel-1.gTree.1707/children/geom_label.gTree.1693/children/GRID.gTree.1691/children/GRID.titleGrob.1690/children/GRID.text.1689,"""Not evaluable\n0 profiles (<20)""",8.535826771653543
Figure4C_round3B_MAOB_organ_collapsed_sensitivity,root/children/axis-l.9-6-9-6/children/GRID.absoluteGrob.1715/children/axis/grobs/2/children/GRID.titleGrob.1714/children/GRID.text.1713,"""0.00"" | ""0.25"" | ""0.50"" | ""0.75"" | ""1.00""",8
Figure4C_round3B_MAOB_organ_collapsed_sensitivity,root/children/axis-l.9-6-9-6/children/GRID.absoluteGrob.1715/children/axis/children/axis.1-3-1-3/children/GRID.titleGrob.1714/children/GRID.text.1713,"""0.00"" | ""0.25"" | ""0.50"" | ""0.75"" | ""1.00""",8
Figure4C_round3B_MAOB_organ_collapsed_sensitivity,root/children/axis-b.10-7-10-7/children/GRID.absoluteGrob.1711/children/axis/grobs/2/children/GRID.titleGrob.1710/children/GRID.text.1709,"""50%"" | ""60%"" | ""70%"" | ""80%"" | ""90%""",8
Figure4C_round3B_MAOB_organ_collapsed_sensitivity,root/children/axis-b.10-7-10-7/children/GRID.absoluteGrob.1711/children/axis/children/axis.4-1-4-1/children/GRID.titleGrob.1710/children/GRID.text.1709,"""50%"" | ""60%"" | ""70%"" | ""80%"" | ""90%""",8
Figure4C_round3B_MAOB_organ_collapsed_sensitivity,root/children/xlab-b.11-7-11-7/children/axis.title.x.bottom..titleGrob.1718/children/GRID.text.1716,"""Minimum coverage setting""",9
Figure4C_round3B_MAOB_organ_collapsed_sensitivity,root/children/ylab-l.9-5-9-5/children/axis.title.y.left..titleGrob.1721/children/GRID.text.1719,"""Observed MAOB loss fraction across organ units""",9
Figure4C_round3B_MAOB_organ_collapsed_sensitivity,root/children/subtitle.4-11-4-3/children/plot.subtitle..titleGrob.1727/children/GRID.text.1725,"""KICH/KIRC/KIRP were collapsed to kidney and LUAD/LUSC to lung by median logFC. Labels report unadjusted\nrecurrent-loss P values.""",8
Figure4C_round3B_MAOB_organ_collapsed_sensitivity,root/children/title.3-11-3-3/children/plot.title..titleGrob.1724/children/GRID.text.1722,"""Organ-collapsed sensitivity of MAOB recurrence""",10.5
Figure4C_round3B_MAOB_organ_collapsed_sensitivity,root/children/caption.14-11-14-3/children/plot.caption..titleGrob.1730/children/GRID.text.1728,"""Not-evaluable positions are display locations and do not represent effect size or P value.""",7.5
SupplementaryFigureS4_round3B_pseudo_target_calibration_QQ,root/grobs/32/children/GRID.absoluteGrob.3305/children/axis/grobs/2/children/GRID.text.3303,"""0.00"" | ""0.25"" | ""0.50"" | ""0.75"" | ""1.00""",8
SupplementaryFigureS4_round3B_pseudo_target_calibration_QQ,root/grobs/33/children/GRID.absoluteGrob.3309/children/axis/grobs/2/children/GRID.text.3307,"""0.00"" | ""0.25"" | ""0.50"" | ""0.75"" | ""1.00""",8
SupplementaryFigureS4_round3B_pseudo_target_calibration_QQ,root/grobs/34/children/GRID.absoluteGrob.3313/children/axis/grobs/2/children/GRID.text.3311,"""0.00"" | ""0.25"" | ""0.50"" | ""0.75"" | ""1.00""",8
SupplementaryFigureS4_round3B_pseudo_target_calibration_QQ,root/grobs/35/children/GRID.absoluteGrob.3317/children/axis/grobs/2/children/GRID.text.3315,"""0.00"" | ""0.25"" | ""0.50"" | ""0.75"" | ""1.00""",8
SupplementaryFigureS4_round3B_pseudo_target_calibration_QQ,root/grobs/36/children/GRID.absoluteGrob.3321/children/axis/grobs/2/children/GRID.text.3319,"""0.00"" | ""0.25"" | ""0.50"" | ""0.75"" | ""1.00""",8
SupplementaryFigureS4_round3B_pseudo_target_calibration_QQ,root/grobs/37/children/GRID.absoluteGrob.3325/children/axis/grobs/2/children/GRID.text.3323,"""0.00"" | ""0.25"" | ""0.50"" | ""0.75"" | ""1.00""",8
SupplementaryFigureS4_round3B_pseudo_target_calibration_QQ,root/grobs/38/children/GRID.absoluteGrob.3329/children/axis/grobs/2/children/GRID.text.3327,"""0.00"" | ""0.25"" | ""0.50"" | ""0.75"" | ""1.00""",8
SupplementaryFigureS4_round3B_pseudo_target_calibration_QQ,root/grobs/39/children/GRID.absoluteGrob.3333/children/axis/grobs/2/children/GRID.text.3331,"""0.00"" | ""0.25"" | ""0.50"" | ""0.75"" | ""1.00""",8
SupplementaryFigureS4_round3B_pseudo_target_calibration_QQ,root/grobs/40/children/GRID.absoluteGrob.3337/children/axis/grobs/2/children/GRID.text.3335,"""0.00"" | ""0.25"" | ""0.50"" | ""0.75"" | ""1.00""",8
SupplementaryFigureS4_round3B_pseudo_target_calibration_QQ,root/grobs/41/children/GRID.absoluteGrob.3341/children/axis/grobs/2/children/GRID.text.3339,"""0.00"" | ""0.25"" | ""0.50"" | ""0.75"" | ""1.00""",8
SupplementaryFigureS4_round3B_pseudo_target_calibration_QQ,root/grobs/47/children/strip/grobs/1/children/strip.text.x.top..titleGrob.3344/children/GRID.text.3342,"""50%""",7.5
SupplementaryFigureS4_round3B_pseudo_target_calibration_QQ,root/grobs/48/children/strip/grobs/1/children/strip.text.x.top..titleGrob.3347/children/GRID.text.3345,"""60%""",7.5
SupplementaryFigureS4_round3B_pseudo_target_calibration_QQ,root/grobs/49/children/strip/grobs/1/children/strip.text.x.top..titleGrob.3350/children/GRID.text.3348,"""70%""",7.5
SupplementaryFigureS4_round3B_pseudo_target_calibration_QQ,root/grobs/50/children/strip/grobs/1/children/strip.text.x.top..titleGrob.3353/children/GRID.text.3351,"""80%""",7.5
SupplementaryFigureS4_round3B_pseudo_target_calibration_QQ,root/grobs/51/children/strip/grobs/1/children/strip.text.x.top..titleGrob.3356/children/GRID.text.3354,"""90%""",7.5
SupplementaryFigureS4_round3B_pseudo_target_calibration_QQ,root/grobs/52/children/strip/grobs/1/children/strip.text.y.right..titleGrob.3425/children/GRID.text.3423,"""MAOB""",7.5
SupplementaryFigureS4_round3B_pseudo_target_calibration_QQ,root/grobs/53/children/strip/grobs/1/children/strip.text.y.right..titleGrob.3428/children/GRID.text.3426,"""CYP3A4""",7.5
SupplementaryFigureS4_round3B_pseudo_target_calibration_QQ,root/grobs/54/children/strip/grobs/1/children/strip.text.y.right..titleGrob.3431/children/GRID.text.3429,"""CYP3A5""",7.5
SupplementaryFigureS4_round3B_pseudo_target_calibration_QQ,root/grobs/55/children/strip/grobs/1/children/strip.text.y.right..titleGrob.3434/children/GRID.text.3432,"""CYP3A7""",7.5
SupplementaryFigureS4_round3B_pseudo_target_calibration_QQ,root/grobs/56/children/strip/grobs/1/children/strip.text.y.right..titleGrob.3437/children/GRID.text.3435,"""CYP3A43""",7.5
SupplementaryFigureS4_round3B_pseudo_target_calibration_QQ,root/grobs/58/children/axis.title.x.bottom..titleGrob.3452/children/GRID.text.3450,"""Expected uniform quantile""",9
SupplementaryFigureS4_round3B_pseudo_target_calibration_QQ,root/grobs/59/children/axis.title.y.left..titleGrob.3455/children/GRID.text.3453,"""Observed pseudo-target P value""",9
SupplementaryFigureS4_round3B_pseudo_target_calibration_QQ,root/grobs/63/children/guide-box/grobs/1/grobs/3/children/GRID.text.3463,"""Primary: tie-randomized rank""",7.5
SupplementaryFigureS4_round3B_pseudo_target_calibration_QQ,root/grobs/63/children/guide-box/grobs/1/grobs/4/children/GRID.text.3466,"""Supplementary: conservative +1""",7.5
SupplementaryFigureS4_round3B_pseudo_target_calibration_QQ,root/grobs/63/children/guide-box/grobs/1/grobs/5/children/GRID.text.3460,"""Calibration diagnostic""",8
SupplementaryFigureS4_round3B_pseudo_target_calibration_QQ,root/grobs/66/children/plot.subtitle..titleGrob.3478/children/GRID.text.3476,"""Tie-randomized ranks are the primary continuous-uniform diagnostic; conservative +1 empirical P values are shown as\nsupplementary information. Empty facets were not evaluable.""",8
SupplementaryFigureS4_round3B_pseudo_target_calibration_QQ,root/grobs/67/children/plot.title..titleGrob.3475/children/GRID.text.3473,"""Pseudo-target calibration of the denominator-aligned recurrence null""",10.5
SupplementaryFigureS4_round3B_pseudo_target_calibration_QQ,root/children/strip-t-1.9-7-9-7/children/strip/grobs/1/children/strip.gTree.3360/children/strip.text.x.top..titleGrob.3344/children/GRID.text.3342,"""50%""",7.5
SupplementaryFigureS4_round3B_pseudo_target_calibration_QQ,root/children/strip-t-1.9-7-9-7/children/strip/children/strip.1-1-1-1/children/strip.gTree.3360/children/strip.text.x.top..titleGrob.3344/children/GRID.text.3342,"""50%""",7.5
SupplementaryFigureS4_round3B_pseudo_target_calibration_QQ,root/children/strip-t-2.9-9-9-9/children/strip/grobs/1/children/strip.gTree.3362/children/strip.text.x.top..titleGrob.3347/children/GRID.text.3345,"""60%""",7.5
SupplementaryFigureS4_round3B_pseudo_target_calibration_QQ,root/children/strip-t-2.9-9-9-9/children/strip/children/strip.1-1-1-1/children/strip.gTree.3362/children/strip.text.x.top..titleGrob.3347/children/GRID.text.3345,"""60%""",7.5
SupplementaryFigureS4_round3B_pseudo_target_calibration_QQ,root/children/strip-t-3.9-11-9-11/children/strip/grobs/1/children/strip.gTree.3364/children/strip.text.x.top..titleGrob.3350/children/GRID.text.3348,"""70%""",7.5
SupplementaryFigureS4_round3B_pseudo_target_calibration_QQ,root/children/strip-t-3.9-11-9-11/children/strip/children/strip.1-1-1-1/children/strip.gTree.3364/children/strip.text.x.top..titleGrob.3350/children/GRID.text.3348,"""70%""",7.5
SupplementaryFigureS4_round3B_pseudo_target_calibration_QQ,root/children/strip-t-4.9-13-9-13/children/strip/grobs/1/children/strip.gTree.3366/children/strip.text.x.top..titleGrob.3353/children/GRID.text.3351,"""80%""",7.5
SupplementaryFigureS4_round3B_pseudo_target_calibration_QQ,root/children/strip-t-4.9-13-9-13/children/strip/children/strip.1-1-1-1/children/strip.gTree.3366/children/strip.text.x.top..titleGrob.3353/children/GRID.text.3351,"""80%""",7.5
SupplementaryFigureS4_round3B_pseudo_target_calibration_QQ,root/children/strip-t-5.9-15-9-15/children/strip/grobs/1/children/strip.gTree.3368/children/strip.text.x.top..titleGrob.3356/children/GRID.text.3354,"""90%""",7.5
SupplementaryFigureS4_round3B_pseudo_target_calibration_QQ,root/children/strip-t-5.9-15-9-15/children/strip/children/strip.1-1-1-1/children/strip.gTree.3368/children/strip.text.x.top..titleGrob.3356/children/GRID.text.3354,"""90%""",7.5
SupplementaryFigureS4_round3B_pseudo_target_calibration_QQ,root/children/strip-r-1.10-16-10-16/children/strip/grobs/1/children/strip.gTree.3441/children/strip.text.y.right..titleGrob.3425/children/GRID.text.3423,"""MAOB""",7.5
SupplementaryFigureS4_round3B_pseudo_target_calibration_QQ,root/children/strip-r-1.10-16-10-16/children/strip/children/strip.1-1-1-1/children/strip.gTree.3441/children/strip.text.y.right..titleGrob.3425/children/GRID.text.3423,"""MAOB""",7.5
SupplementaryFigureS4_round3B_pseudo_target_calibration_QQ,root/children/strip-r-2.12-16-12-16/children/strip/grobs/1/children/strip.gTree.3443/children/strip.text.y.right..titleGrob.3428/children/GRID.text.3426,"""CYP3A4""",7.5
SupplementaryFigureS4_round3B_pseudo_target_calibration_QQ,root/children/strip-r-2.12-16-12-16/children/strip/children/strip.1-1-1-1/children/strip.gTree.3443/children/strip.text.y.right..titleGrob.3428/children/GRID.text.3426,"""CYP3A4""",7.5
SupplementaryFigureS4_round3B_pseudo_target_calibration_QQ,root/children/strip-r-3.14-16-14-16/children/strip/grobs/1/children/strip.gTree.3445/children/strip.text.y.right..titleGrob.3431/children/GRID.text.3429,"""CYP3A5""",7.5
SupplementaryFigureS4_round3B_pseudo_target_calibration_QQ,root/children/strip-r-3.14-16-14-16/children/strip/children/strip.1-1-1-1/children/strip.gTree.3445/children/strip.text.y.right..titleGrob.3431/children/GRID.text.3429,"""CYP3A5""",7.5
SupplementaryFigureS4_round3B_pseudo_target_calibration_QQ,root/children/strip-r-4.16-16-16-16/children/strip/grobs/1/children/strip.gTree.3447/children/strip.text.y.right..titleGrob.3434/children/GRID.text.3432,"""CYP3A7""",7.5
SupplementaryFigureS4_round3B_pseudo_target_calibration_QQ,root/children/strip-r-4.16-16-16-16/children/strip/children/strip.1-1-1-1/children/strip.gTree.3447/children/strip.text.y.right..titleGrob.3434/children/GRID.text.3432,"""CYP3A7""",7.5
SupplementaryFigureS4_round3B_pseudo_target_calibration_QQ,root/children/strip-r-5.18-16-18-16/children/strip/grobs/1/children/strip.gTree.3449/children/strip.text.y.right..titleGrob.3437/children/GRID.text.3435,"""CYP3A43""",7.5
SupplementaryFigureS4_round3B_pseudo_target_calibration_QQ,root/children/strip-r-5.18-16-18-16/children/strip/children/strip.1-1-1-1/children/strip.gTree.3449/children/strip.text.y.right..titleGrob.3437/children/GRID.text.3435,"""CYP3A43""",7.5
SupplementaryFigureS4_round3B_pseudo_target_calibration_QQ,root/children/axis-b-1.19-7-19-7/children/GRID.absoluteGrob.3305/children/axis/grobs/2/children/GRID.titleGrob.3304/children/GRID.text.3303,"""0.00"" | ""0.25"" | ""0.50"" | ""0.75"" | ""1.00""",8
SupplementaryFigureS4_round3B_pseudo_target_calibration_QQ,root/children/axis-b-1.19-7-19-7/children/GRID.absoluteGrob.3305/children/axis/children/axis.4-1-4-1/children/GRID.titleGrob.3304/children/GRID.text.3303,"""0.00"" | ""0.25"" | ""0.50"" | ""0.75"" | ""1.00""",8
SupplementaryFigureS4_round3B_pseudo_target_calibration_QQ,root/children/axis-b-2.19-9-19-9/children/GRID.absoluteGrob.3309/children/axis/grobs/2/children/GRID.titleGrob.3308/children/GRID.text.3307,"""0.00"" | ""0.25"" | ""0.50"" | ""0.75"" | ""1.00""",8
SupplementaryFigureS4_round3B_pseudo_target_calibration_QQ,root/children/axis-b-2.19-9-19-9/children/GRID.absoluteGrob.3309/children/axis/children/axis.4-1-4-1/children/GRID.titleGrob.3308/children/GRID.text.3307,"""0.00"" | ""0.25"" | ""0.50"" | ""0.75"" | ""1.00""",8
SupplementaryFigureS4_round3B_pseudo_target_calibration_QQ,root/children/axis-b-3.19-11-19-11/children/GRID.absoluteGrob.3313/children/axis/grobs/2/children/GRID.titleGrob.3312/children/GRID.text.3311,"""0.00"" | ""0.25"" | ""0.50"" | ""0.75"" | ""1.00""",8
SupplementaryFigureS4_round3B_pseudo_target_calibration_QQ,root/children/axis-b-3.19-11-19-11/children/GRID.absoluteGrob.3313/children/axis/children/axis.4-1-4-1/children/GRID.titleGrob.3312/children/GRID.text.3311,"""0.00"" | ""0.25"" | ""0.50"" | ""0.75"" | ""1.00""",8
SupplementaryFigureS4_round3B_pseudo_target_calibration_QQ,root/children/axis-b-4.19-13-19-13/children/GRID.absoluteGrob.3317/children/axis/grobs/2/children/GRID.titleGrob.3316/children/GRID.text.3315,"""0.00"" | ""0.25"" | ""0.50"" | ""0.75"" | ""1.00""",8
SupplementaryFigureS4_round3B_pseudo_target_calibration_QQ,root/children/axis-b-4.19-13-19-13/children/GRID.absoluteGrob.3317/children/axis/children/axis.4-1-4-1/children/GRID.titleGrob.3316/children/GRID.text.3315,"""0.00"" | ""0.25"" | ""0.50"" | ""0.75"" | ""1.00""",8
SupplementaryFigureS4_round3B_pseudo_target_calibration_QQ,root/children/axis-b-5.19-15-19-15/children/GRID.absoluteGrob.3321/children/axis/grobs/2/children/GRID.titleGrob.3320/children/GRID.text.3319,"""0.00"" | ""0.25"" | ""0.50"" | ""0.75"" | ""1.00""",8
SupplementaryFigureS4_round3B_pseudo_target_calibration_QQ,root/children/axis-b-5.19-15-19-15/children/GRID.absoluteGrob.3321/children/axis/children/axis.4-1-4-1/children/GRID.titleGrob.3320/children/GRID.text.3319,"""0.00"" | ""0.25"" | ""0.50"" | ""0.75"" | ""1.00""",8
SupplementaryFigureS4_round3B_pseudo_target_calibration_QQ,root/children/axis-l-1.10-6-10-6/children/GRID.absoluteGrob.3325/children/axis/grobs/2/children/GRID.titleGrob.3324/children/GRID.text.3323,"""0.00"" | ""0.25"" | ""0.50"" | ""0.75"" | ""1.00""",8
SupplementaryFigureS4_round3B_pseudo_target_calibration_QQ,root/children/axis-l-1.10-6-10-6/children/GRID.absoluteGrob.3325/children/axis/children/axis.1-3-1-3/children/GRID.titleGrob.3324/children/GRID.text.3323,"""0.00"" | ""0.25"" | ""0.50"" | ""0.75"" | ""1.00""",8
SupplementaryFigureS4_round3B_pseudo_target_calibration_QQ,root/children/axis-l-2.12-6-12-6/children/GRID.absoluteGrob.3329/children/axis/grobs/2/children/GRID.titleGrob.3328/children/GRID.text.3327,"""0.00"" | ""0.25"" | ""0.50"" | ""0.75"" | ""1.00""",8
SupplementaryFigureS4_round3B_pseudo_target_calibration_QQ,root/children/axis-l-2.12-6-12-6/children/GRID.absoluteGrob.3329/children/axis/children/axis.1-3-1-3/children/GRID.titleGrob.3328/children/GRID.text.3327,"""0.00"" | ""0.25"" | ""0.50"" | ""0.75"" | ""1.00""",8
SupplementaryFigureS4_round3B_pseudo_target_calibration_QQ,root/children/axis-l-3.14-6-14-6/children/GRID.absoluteGrob.3333/children/axis/grobs/2/children/GRID.titleGrob.3332/children/GRID.text.3331,"""0.00"" | ""0.25"" | ""0.50"" | ""0.75"" | ""1.00""",8
SupplementaryFigureS4_round3B_pseudo_target_calibration_QQ,root/children/axis-l-3.14-6-14-6/children/GRID.absoluteGrob.3333/children/axis/children/axis.1-3-1-3/children/GRID.titleGrob.3332/children/GRID.text.3331,"""0.00"" | ""0.25"" | ""0.50"" | ""0.75"" | ""1.00""",8
SupplementaryFigureS4_round3B_pseudo_target_calibration_QQ,root/children/axis-l-4.16-6-16-6/children/GRID.absoluteGrob.3337/children/axis/grobs/2/children/GRID.titleGrob.3336/children/GRID.text.3335,"""0.00"" | ""0.25"" | ""0.50"" | ""0.75"" | ""1.00""",8
SupplementaryFigureS4_round3B_pseudo_target_calibration_QQ,root/children/axis-l-4.16-6-16-6/children/GRID.absoluteGrob.3337/children/axis/children/axis.1-3-1-3/children/GRID.titleGrob.3336/children/GRID.text.3335,"""0.00"" | ""0.25"" | ""0.50"" | ""0.75"" | ""1.00""",8
SupplementaryFigureS4_round3B_pseudo_target_calibration_QQ,root/children/axis-l-5.18-6-18-6/children/GRID.absoluteGrob.3341/children/axis/grobs/2/children/GRID.titleGrob.3340/children/GRID.text.3339,"""0.00"" | ""0.25"" | ""0.50"" | ""0.75"" | ""1.00""",8
SupplementaryFigureS4_round3B_pseudo_target_calibration_QQ,root/children/axis-l-5.18-6-18-6/children/GRID.absoluteGrob.3341/children/axis/children/axis.1-3-1-3/children/GRID.titleGrob.3340/children/GRID.text.3339,"""0.00"" | ""0.25"" | ""0.50"" | ""0.75"" | ""1.00""",8
SupplementaryFigureS4_round3B_pseudo_target_calibration_QQ,root/children/xlab-b.20-15-20-7/children/axis.title.x.bottom..titleGrob.3452/children/GRID.text.3450,"""Expected uniform quantile""",9
SupplementaryFigureS4_round3B_pseudo_target_calibration_QQ,root/children/ylab-l.10-5-18-5/children/axis.title.y.left..titleGrob.3455/children/GRID.text.3453,"""Observed pseudo-target P value""",9
SupplementaryFigureS4_round3B_pseudo_target_calibration_QQ,root/children/guide-box-bottom.22-15-22-7/children/guide-box/grobs/1/children/layout/grobs/3/children/GRID.text.3463,"""Primary: tie-randomized rank""",7.5
SupplementaryFigureS4_round3B_pseudo_target_calibration_QQ,root/children/guide-box-bottom.22-15-22-7/children/guide-box/grobs/1/children/layout/grobs/4/children/GRID.text.3466,"""Supplementary: conservative +1""",7.5
SupplementaryFigureS4_round3B_pseudo_target_calibration_QQ,root/children/guide-box-bottom.22-15-22-7/children/guide-box/grobs/1/children/layout/grobs/5/children/GRID.text.3460,"""Calibration diagnostic""",8
SupplementaryFigureS4_round3B_pseudo_target_calibration_QQ,root/children/guide-box-bottom.22-15-22-7/children/guide-box/children/guides.3-3-3-3/children/layout/grobs/3/children/guide.label.titleGrob.3465/children/GRID.text.3463,"""Primary: tie-randomized rank""",7.5
SupplementaryFigureS4_round3B_pseudo_target_calibration_QQ,root/children/guide-box-bottom.22-15-22-7/children/guide-box/children/guides.3-3-3-3/children/layout/grobs/4/children/guide.label.titleGrob.3468/children/GRID.text.3466,"""Supplementary: conservative +1""",7.5
SupplementaryFigureS4_round3B_pseudo_target_calibration_QQ,root/children/guide-box-bottom.22-15-22-7/children/guide-box/children/guides.3-3-3-3/children/layout/grobs/5/children/guide.title.titleGrob.3462/children/GRID.text.3460,"""Calibration diagnostic""",8
SupplementaryFigureS4_round3B_pseudo_target_calibration_QQ,root/children/guide-box-bottom.22-15-22-7/children/guide-box/children/guides.3-3-3-3/children/layout/children/title.2-2-2-2/children/guide.title.titleGrob.3462/children/GRID.text.3460,"""Calibration diagnostic""",8
SupplementaryFigureS4_round3B_pseudo_target_calibration_QQ,root/children/guide-box-bottom.22-15-22-7/children/guide-box/children/guides.3-3-3-3/children/layout/children/label-1-2.2-4-2-4/children/guide.label.titleGrob.3465/children/GRID.text.3463,"""Primary: tie-randomized rank""",7.5
SupplementaryFigureS4_round3B_pseudo_target_calibration_QQ,root/children/guide-box-bottom.22-15-22-7/children/guide-box/children/guides.3-3-3-3/children/layout/children/label-1-5.2-7-2-7/children/guide.label.titleGrob.3468/children/GRID.text.3466,"""Supplementary: conservative +1""",7.5
SupplementaryFigureS4_round3B_pseudo_target_calibration_QQ,root/children/subtitle.4-20-4-3/children/plot.subtitle..titleGrob.3478/children/GRID.text.3476,"""Tie-randomized ranks are the primary continuous-uniform diagnostic; conservative +1 empirical P values are shown as\nsupplementary information. Empty facets were not evaluable.""",8
SupplementaryFigureS4_round3B_pseudo_target_calibration_QQ,root/children/title.3-20-3-3/children/plot.title..titleGrob.3475/children/GRID.text.3473,"""Pseudo-target calibration of the denominator-aligned recurrence null""",10.5
