tcga_code,organ,gene,n_pairs,analysis_status,logFC,q_value_global,robust_count_level_change,count_level_interpretation
BLCA,bladder,MAOB,19,primary_count_level,-3.6551076823365953,2.408726965367572e-6,TRUE,loss
BLCA,bladder,CYP3A4,19,low_expression_not_estimable,,,FALSE,not_estimable_primary
BLCA,bladder,CYP3A5,19,primary_count_level,-1.2830907099126683,0.0055544870091684085,TRUE,loss
BLCA,bladder,CYP3A7,19,low_expression_not_estimable,,,FALSE,not_estimable_primary
BLCA,bladder,CYP3A43,19,low_expression_not_estimable,,,FALSE,not_estimable_primary
BRCA,breast,MAOB,113,primary_count_level,-2.1583680889801524,1.8261830203645057e-15,TRUE,loss
BRCA,breast,CYP3A4,113,primary_count_level,-2.1904094810539343,1.2817991920956362e-17,TRUE,loss
BRCA,breast,CYP3A5,113,primary_count_level,-0.2904503092437013,1.9223618166368217e-5,FALSE,not_robust
BRCA,breast,CYP3A7,113,low_expression_not_estimable,,,FALSE,not_estimable_primary
BRCA,breast,CYP3A43,113,low_expression_not_estimable,,,FALSE,not_estimable_primary
COAD,colon,MAOB,41,primary_count_level,-2.70789628870493,2.2821321043337606e-11,TRUE,loss
COAD,colon,CYP3A4,41,primary_count_level,-2.9215306840079713,2.02226403759278e-6,TRUE,loss
COAD,colon,CYP3A5,41,primary_count_level,-0.19820252968770222,0.3108965890552016,FALSE,not_robust
COAD,colon,CYP3A7,41,low_expression_not_estimable,,,FALSE,not_estimable_primary
COAD,colon,CYP3A43,41,low_expression_not_estimable,,,FALSE,not_estimable_primary
ESCA,esophagus,MAOB,13,primary_count_level,-1.447021388863092,0.015333955956296618,TRUE,loss
ESCA,esophagus,CYP3A4,13,primary_count_level,-0.41440373079989606,0.5029313538733636,FALSE,not_robust
ESCA,esophagus,CYP3A5,13,primary_count_level,-0.39199569808975593,0.38100015054232966,FALSE,not_robust
ESCA,esophagus,CYP3A7,13,low_expression_not_estimable,,,FALSE,not_estimable_primary
ESCA,esophagus,CYP3A43,13,low_expression_not_estimable,,,FALSE,not_estimable_primary
HNSC,head and neck,MAOB,43,primary_count_level,-2.195766243935843,5.389883586837028e-7,TRUE,loss
HNSC,head and neck,CYP3A4,43,low_expression_not_estimable,,,FALSE,not_estimable_primary
HNSC,head and neck,CYP3A5,43,primary_count_level,-2.3227847652088953,1.1782339585963815e-11,TRUE,loss
HNSC,head and neck,CYP3A7,43,low_expression_not_estimable,,,FALSE,not_estimable_primary
HNSC,head and neck,CYP3A43,43,low_expression_not_estimable,,,FALSE,not_estimable_primary
KICH,kidney,MAOB,25,primary_count_level,-4.277630302455459,1.0040206866003845e-6,TRUE,loss
KICH,kidney,CYP3A4,25,primary_count_level,1.782107097062945,0.03165345117844219,TRUE,gain
KICH,kidney,CYP3A5,25,primary_count_level,-0.09704918525757157,0.7167078712338939,FALSE,not_robust
KICH,kidney,CYP3A7,25,primary_count_level,2.490823303182836,9.443798422965819e-5,TRUE,gain
KICH,kidney,CYP3A43,25,low_expression_not_estimable,,,FALSE,not_estimable_primary
KIRC,kidney,MAOB,72,primary_count_level,0.8048316374358927,1.7794322974568083e-6,TRUE,gain
KIRC,kidney,CYP3A4,72,primary_count_level,-1.926103995861374,3.0986898072833436e-9,TRUE,loss
KIRC,kidney,CYP3A5,72,primary_count_level,1.4618337550315275,1.163952578095383e-11,TRUE,gain
KIRC,kidney,CYP3A7,72,primary_count_level,-0.4792482413452199,0.04503717482316122,FALSE,not_robust
KIRC,kidney,CYP3A43,72,low_expression_not_estimable,,,FALSE,not_estimable_primary
KIRP,kidney,MAOB,32,primary_count_level,-0.8481437556344779,0.012714719916754578,TRUE,loss
KIRP,kidney,CYP3A4,32,primary_count_level,-1.834353719537459,2.5847542651817883e-4,TRUE,loss
KIRP,kidney,CYP3A5,32,primary_count_level,1.7552260874981467,9.882984488943751e-6,TRUE,gain
KIRP,kidney,CYP3A7,32,primary_count_level,-1.7743696974805265,3.241764421126165e-4,TRUE,loss
KIRP,kidney,CYP3A43,32,low_expression_not_estimable,,,FALSE,not_estimable_primary
LIHC,liver,MAOB,50,primary_count_level,-0.9141250816916641,6.406453379619561e-9,TRUE,loss
LIHC,liver,CYP3A4,50,primary_count_level,-7.284966075661003,2.2898221294465483e-16,TRUE,loss
LIHC,liver,CYP3A5,50,primary_count_level,-1.055955835712751,1.1848467202349453e-6,TRUE,loss
LIHC,liver,CYP3A7,50,primary_count_level,-1.8042319330231502,7.686860413633159e-5,TRUE,loss
LIHC,liver,CYP3A43,50,primary_count_level,-2.8537130033334575,2.8030757628131786e-11,TRUE,loss
LUAD,lung,MAOB,58,primary_count_level,-1.5021946041796652,5.4901064679441514e-14,TRUE,loss
LUAD,lung,CYP3A4,58,low_expression_not_estimable,,,FALSE,not_estimable_primary
LUAD,lung,CYP3A5,58,primary_count_level,-0.3332621167777662,0.11445187745725556,FALSE,not_robust
LUAD,lung,CYP3A7,58,low_expression_not_estimable,,,FALSE,not_estimable_primary
LUAD,lung,CYP3A43,58,low_expression_not_estimable,,,FALSE,not_estimable_primary
LUSC,lung,MAOB,51,primary_count_level,-2.240749604167458,1.0623610858682579e-16,TRUE,loss
LUSC,lung,CYP3A4,51,low_expression_not_estimable,,,FALSE,not_estimable_primary
LUSC,lung,CYP3A5,51,primary_count_level,-0.99559653632554,7.159071968447066e-9,TRUE,loss
LUSC,lung,CYP3A7,51,primary_count_level,-2.6581924619032002,1.8028016872884673e-13,TRUE,loss
LUSC,lung,CYP3A43,51,low_expression_not_estimable,,,FALSE,not_estimable_primary
PRAD,prostate,MAOB,52,primary_count_level,-1.3230157448894477,8.008712284692469e-10,TRUE,loss
PRAD,prostate,CYP3A4,52,low_expression_not_estimable,,,FALSE,not_estimable_primary
PRAD,prostate,CYP3A5,52,primary_count_level,-1.4360464349641855,1.8028016872884673e-13,TRUE,loss
PRAD,prostate,CYP3A7,52,low_expression_not_estimable,,,FALSE,not_estimable_primary
PRAD,prostate,CYP3A43,52,primary_count_level,-0.7124778756562306,0.014408018754048802,TRUE,loss
STAD,stomach,MAOB,33,primary_count_level,-1.9133117519938714,1.6761360361262727e-7,TRUE,loss
STAD,stomach,CYP3A4,33,primary_count_level,-2.4340114440665364,0.009997179579337163,TRUE,loss
STAD,stomach,CYP3A5,33,primary_count_level,-0.22373042944017868,0.6459711445508095,FALSE,not_robust
STAD,stomach,CYP3A7,33,low_expression_not_estimable,,,FALSE,not_estimable_primary
STAD,stomach,CYP3A43,33,low_expression_not_estimable,,,FALSE,not_estimable_primary
THCA,thyroid,MAOB,59,primary_count_level,-1.5046117850422522,8.815817469786312e-9,TRUE,loss
THCA,thyroid,CYP3A4,59,low_expression_not_estimable,,,FALSE,not_estimable_primary
THCA,thyroid,CYP3A5,59,primary_count_level,-0.23007884364699577,6.399766972257916e-6,FALSE,not_robust
THCA,thyroid,CYP3A7,59,low_expression_not_estimable,,,FALSE,not_estimable_primary
THCA,thyroid,CYP3A43,59,low_expression_not_estimable,,,FALSE,not_estimable_primary
