tcga_code,organ,mapping_valid_for_baseline_model,gtex_pattern,matched_gtex_tissues,gene_id,gene_symbol,baseline_tpm,baseline_log2_tpm1,organ_specificity_log2,max_tpm,cross_tissue_median_tpm,tau,breadth_0_1tpm,breadth_1tpm
BLCA,bladder,FALSE,^Bladder$,Bladder,ENSG00000069535,MAOB,37.4912,5.266456744135941,-0.5421701553117211,240.444,54.63885,0.7595819301901545,1,0.9444444444444444
BLCA,bladder,FALSE,^Bladder$,Bladder,ENSG00000160868,CYP3A4,0.0968186,0.1333249418572663,-0.30932854677929295,335.297,0.143884,0.9964085738630708,0.6851851851851852,0.12962962962962962
BLCA,bladder,FALSE,^Bladder$,Bladder,ENSG00000106258,CYP3A5,7.0368,3.00662118012238,2.1143991568501113,155.853,1.5481850000000001,0.9437232781882395,0.9814814814814815,0.5370370370370371
BLCA,bladder,FALSE,^Bladder$,Bladder,ENSG00000160870,CYP3A7,0.246538,0.3179268632352943,0.6899960605928026,24.5131,0.1148035,0.9920989699539168,0.5370370370370371,0.05555555555555555
BLCA,bladder,FALSE,^Bladder$,Bladder,ENSG00000021461,CYP3A43,0.0642287,0.08980821559588478,-0.3322508382009125,4.28768,0.10676,0.9588837795202965,0.5555555555555556,0.05555555555555555
BRCA,breast,TRUE,^Breast - Mammary Tissue$,Breast - Mammary Tissue,ENSG00000069535,MAOB,70.224,6.154291555835664,0.361452007046552,240.444,54.63885,0.7595819301901545,1,0.9444444444444444
BRCA,breast,TRUE,^Breast - Mammary Tissue$,Breast - Mammary Tissue,ENSG00000160868,CYP3A4,0.240634,0.3110775681161671,0.48202732989960634,335.297,0.143884,0.9964085738630708,0.6851851851851852,0.12962962962962962
BRCA,breast,TRUE,^Breast - Mammary Tissue$,Breast - Mammary Tissue,ENSG00000106258,CYP3A5,5.13068,2.616047102989291,1.6661203257642114,155.853,1.5481850000000001,0.9437232781882395,0.9814814814814815,0.5370370370370371
BRCA,breast,TRUE,^Breast - Mammary Tissue$,Breast - Mammary Tissue,ENSG00000160870,CYP3A7,1.60253,1.379914793919225,2.9865908141072084,24.5131,0.1148035,0.9920989699539168,0.5370370370370371,0.05555555555555555
BRCA,breast,TRUE,^Breast - Mammary Tissue$,Breast - Mammary Tissue,ENSG00000021461,CYP3A43,0.179372,0.23801884800854864,0.4342303267888366,4.28768,0.10676,0.9588837795202965,0.5555555555555556,0.05555555555555555
COAD,colon,TRUE,^Colon -,Colon - Sigmoid;Colon - Transverse,ENSG00000069535,MAOB,53.3664,5.764643394715486,-0.03393258521054223,240.444,54.63885,0.7595819301901545,1,0.9444444444444444
COAD,colon,TRUE,^Colon -,Colon - Sigmoid;Colon - Transverse,ENSG00000160868,CYP3A4,0.230075,0.2987462820924464,0.4365987591650339,335.297,0.143884,0.9964085738630708,0.6851851851851852,0.12962962962962962
COAD,colon,TRUE,^Colon -,Colon - Sigmoid;Colon - Transverse,ENSG00000106258,CYP3A5,15.347895,4.031032977181317,3.228460171807265,155.853,1.5481850000000001,0.9437232781882395,0.9814814814814815,0.5370370370370371
COAD,colon,TRUE,^Colon -,Colon - Sigmoid;Colon - Transverse,ENSG00000160870,CYP3A7,0.2537685,0.32627098870293497,0.7197880936017287,24.5131,0.1148035,0.9920989699539168,0.5370370370370371,0.05555555555555555
COAD,colon,TRUE,^Colon -,Colon - Sigmoid;Colon - Transverse,ENSG00000021461,CYP3A43,0.0911057,0.1257908683702925,-0.11358629800281818,4.28768,0.10676,0.9588837795202965,0.5555555555555556,0.05555555555555555
ESCA,esophagus,TRUE,^Esophagus -,Esophagus - Gastroesophageal Junction;Esophagus - Mucosa;Esophagus - Muscularis,ENSG00000069535,MAOB,90.278,6.512195275846861,0.7234065058955776,240.444,54.63885,0.7595819301901545,1,0.9444444444444444
ESCA,esophagus,TRUE,^Esophagus -,Esophagus - Gastroesophageal Junction;Esophagus - Mucosa;Esophagus - Muscularis,ENSG00000160868,CYP3A4,0.1491,0.2005043534465213,0.030529908290168172,335.297,0.143884,0.9964085738630708,0.6851851851851852,0.12962962962962962
ESCA,esophagus,TRUE,^Esophagus -,Esophagus - Gastroesophageal Junction;Esophagus - Mucosa;Esophagus - Muscularis,ENSG00000106258,CYP3A5,2.02717,1.5979696963977392,0.3680571493148366,155.853,1.5481850000000001,0.9437232781882395,0.9814814814814815,0.5370370370370371
ESCA,esophagus,TRUE,^Esophagus -,Esophagus - Gastroesophageal Junction;Esophagus - Mucosa;Esophagus - Muscularis,ENSG00000160870,CYP3A7,0.233218,0.3024278522298125,0.633448834572726,24.5131,0.1148035,0.9920989699539168,0.5370370370370371,0.05555555555555555
ESCA,esophagus,TRUE,^Esophagus -,Esophagus - Gastroesophageal Junction;Esophagus - Mucosa;Esophagus - Muscularis,ENSG00000021461,CYP3A43,0.0917395,0.12662865580717675,-0.108809532081462,4.28768,0.10676,0.9588837795202965,0.5555555555555556,0.05555555555555555
KICH,kidney,TRUE,^Kidney - Cortex$,Kidney - Cortex,ENSG00000069535,MAOB,37.6169,5.271160450420547,-0.537354021720432,240.444,54.63885,0.7595819301901545,1,0.9444444444444444
KICH,kidney,TRUE,^Kidney - Cortex$,Kidney - Cortex,ENSG00000160868,CYP3A4,0.213872,0.2796163007524594,0.3639812209423825,335.297,0.143884,0.9964085738630708,0.6851851851851852,0.12962962962962962
KICH,kidney,TRUE,^Kidney - Cortex$,Kidney - Cortex,ENSG00000106258,CYP3A5,8.15326,3.194285661232413,2.3240859034298094,155.853,1.5481850000000001,0.9437232781882395,0.9814814814814815,0.5370370370370371
KICH,kidney,TRUE,^Kidney - Cortex$,Kidney - Cortex,ENSG00000160870,CYP3A7,0.687882,0.7552140486153798,1.8749620746821485,24.5131,0.1148035,0.9920989699539168,0.5370370370370371,0.05555555555555555
KICH,kidney,TRUE,^Kidney - Cortex$,Kidney - Cortex,ENSG00000021461,CYP3A43,0.0686738,0.09582155470606304,-0.2937212093226702,4.28768,0.10676,0.9588837795202965,0.5555555555555556,0.05555555555555555
KIRC,kidney,TRUE,^Kidney - Cortex$,Kidney - Cortex,ENSG00000069535,MAOB,37.6169,5.271160450420547,-0.537354021720432,240.444,54.63885,0.7595819301901545,1,0.9444444444444444
KIRC,kidney,TRUE,^Kidney - Cortex$,Kidney - Cortex,ENSG00000160868,CYP3A4,0.213872,0.2796163007524594,0.3639812209423825,335.297,0.143884,0.9964085738630708,0.6851851851851852,0.12962962962962962
KIRC,kidney,TRUE,^Kidney - Cortex$,Kidney - Cortex,ENSG00000106258,CYP3A5,8.15326,3.194285661232413,2.3240859034298094,155.853,1.5481850000000001,0.9437232781882395,0.9814814814814815,0.5370370370370371
KIRC,kidney,TRUE,^Kidney - Cortex$,Kidney - Cortex,ENSG00000160870,CYP3A7,0.687882,0.7552140486153798,1.8749620746821485,24.5131,0.1148035,0.9920989699539168,0.5370370370370371,0.05555555555555555
KIRC,kidney,TRUE,^Kidney - Cortex$,Kidney - Cortex,ENSG00000021461,CYP3A43,0.0686738,0.09582155470606304,-0.2937212093226702,4.28768,0.10676,0.9588837795202965,0.5555555555555556,0.05555555555555555
KIRP,kidney,TRUE,^Kidney - Cortex$,Kidney - Cortex,ENSG00000069535,MAOB,37.6169,5.271160450420547,-0.537354021720432,240.444,54.63885,0.7595819301901545,1,0.9444444444444444
KIRP,kidney,TRUE,^Kidney - Cortex$,Kidney - Cortex,ENSG00000160868,CYP3A4,0.213872,0.2796163007524594,0.3639812209423825,335.297,0.143884,0.9964085738630708,0.6851851851851852,0.12962962962962962
KIRP,kidney,TRUE,^Kidney - Cortex$,Kidney - Cortex,ENSG00000106258,CYP3A5,8.15326,3.194285661232413,2.3240859034298094,155.853,1.5481850000000001,0.9437232781882395,0.9814814814814815,0.5370370370370371
KIRP,kidney,TRUE,^Kidney - Cortex$,Kidney - Cortex,ENSG00000160870,CYP3A7,0.687882,0.7552140486153798,1.8749620746821485,24.5131,0.1148035,0.9920989699539168,0.5370370370370371,0.05555555555555555
KIRP,kidney,TRUE,^Kidney - Cortex$,Kidney - Cortex,ENSG00000021461,CYP3A43,0.0686738,0.09582155470606304,-0.2937212093226702,4.28768,0.10676,0.9588837795202965,0.5555555555555556,0.05555555555555555
LIHC,liver,TRUE,^Liver$,Liver,ENSG00000069535,MAOB,99.7081,6.654035914428958,0.8665917776291728,240.444,54.63885,0.7595819301901545,1,0.9444444444444444
LIHC,liver,TRUE,^Liver$,Liver,ENSG00000160868,CYP3A4,335.297,8.393592098866913,10.42545895596903,335.297,0.143884,0.9964085738630708,0.6851851851851852,0.12962962962962962
LIHC,liver,TRUE,^Liver$,Liver,ENSG00000106258,CYP3A5,155.853,7.293269312477009,6.564089308795446,155.853,1.5481850000000001,0.9437232781882395,0.9814814814814815,0.5370370370370371
LIHC,liver,TRUE,^Liver$,Liver,ENSG00000160870,CYP3A7,24.5131,4.6731663008801325,6.840265064553394,24.5131,0.1148035,0.9920989699539168,0.5370370370370371,0.05555555555555555
LIHC,liver,TRUE,^Liver$,Liver,ENSG00000021461,CYP3A43,4.28768,2.4026348704193086,4.407429299182693,4.28768,0.10676,0.9588837795202965,0.5555555555555556,0.05555555555555555
LUAD,lung,TRUE,^Lung$,Lung,ENSG00000069535,MAOB,58.3808,5.891924624861612,0.0953979214004817,240.444,54.63885,0.7595819301901545,1,0.9444444444444444
LUAD,lung,TRUE,^Lung$,Lung,ENSG00000160868,CYP3A4,0.127294,0.17286382165691538,-0.10163551221462913,335.297,0.143884,0.9964085738630708,0.6851851851851852,0.12962962962962962
LUAD,lung,TRUE,^Lung$,Lung,ENSG00000106258,CYP3A5,17.5528,4.213565030589169,3.4209469432450192,155.853,1.5481850000000001,0.9437232781882395,0.9814814814814815,0.5370370370370371
LUAD,lung,TRUE,^Lung$,Lung,ENSG00000160870,CYP3A7,1.68354,1.4241373926280432,3.053654166087647,24.5131,0.1148035,0.9920989699539168,0.5370370370370371,0.05555555555555555
LUAD,lung,TRUE,^Lung$,Lung,ENSG00000021461,CYP3A43,0.128062,0.17384636262537312,0.1414689754717538,4.28768,0.10676,0.9588837795202965,0.5555555555555556,0.05555555555555555
LUSC,lung,TRUE,^Lung$,Lung,ENSG00000069535,MAOB,58.3808,5.891924624861612,0.0953979214004817,240.444,54.63885,0.7595819301901545,1,0.9444444444444444
LUSC,lung,TRUE,^Lung$,Lung,ENSG00000160868,CYP3A4,0.127294,0.17286382165691538,-0.10163551221462913,335.297,0.143884,0.9964085738630708,0.6851851851851852,0.12962962962962962
LUSC,lung,TRUE,^Lung$,Lung,ENSG00000106258,CYP3A5,17.5528,4.213565030589169,3.4209469432450192,155.853,1.5481850000000001,0.9437232781882395,0.9814814814814815,0.5370370370370371
LUSC,lung,TRUE,^Lung$,Lung,ENSG00000160870,CYP3A7,1.68354,1.4241373926280432,3.053654166087647,24.5131,0.1148035,0.9920989699539168,0.5370370370370371,0.05555555555555555
LUSC,lung,TRUE,^Lung$,Lung,ENSG00000021461,CYP3A43,0.128062,0.17384636262537312,0.1414689754717538,4.28768,0.10676,0.9588837795202965,0.5555555555555556,0.05555555555555555
PRAD,prostate,TRUE,^Prostate$,Prostate,ENSG00000069535,MAOB,58.8878,5.904190230252803,0.10785147797031763,240.444,54.63885,0.7595819301901545,1,0.9444444444444444
PRAD,prostate,TRUE,^Prostate$,Prostate,ENSG00000160868,CYP3A4,0.139941,0.18895915666183338,-0.02351541358675457,335.297,0.143884,0.9964085738630708,0.6851851851851852,0.12962962962962962
PRAD,prostate,TRUE,^Prostate$,Prostate,ENSG00000106258,CYP3A5,42.5218,5.443666320532872,4.692641430605946,155.853,1.5481850000000001,0.9437232781882395,0.9814814814814815,0.5370370370370371
PRAD,prostate,TRUE,^Prostate$,Prostate,ENSG00000160870,CYP3A7,0.447048,0.5331127782714451,1.3486499251989332,24.5131,0.1148035,0.9920989699539168,0.5370370370370371,0.05555555555555555
PRAD,prostate,TRUE,^Prostate$,Prostate,ENSG00000021461,CYP3A43,0.655112,0.7269288462635529,1.8687335368568048,4.28768,0.10676,0.9588837795202965,0.5555555555555556,0.05555555555555555
STAD,stomach,TRUE,^Stomach$,Stomach,ENSG00000069535,MAOB,20.341,4.415555874669163,-1.4210993491669603,240.444,54.63885,0.7595819301901545,1,0.9444444444444444
STAD,stomach,TRUE,^Stomach$,Stomach,ENSG00000160868,CYP3A4,0.137481,0.18584244734675526,-0.038383020065137344,335.297,0.143884,0.9964085738630708,0.6851851851851852,0.12962962962962962
STAD,stomach,TRUE,^Stomach$,Stomach,ENSG00000106258,CYP3A5,45.2894,5.532609957525062,4.7834053259272435,155.853,1.5481850000000001,0.9437232781882395,0.9814814814814815,0.5370370370370371
STAD,stomach,TRUE,^Stomach$,Stomach,ENSG00000160870,CYP3A7,0.119553,0.16292282745558498,0.031551747034335824,24.5131,0.1148035,0.9920989699539168,0.5370370370370371,0.05555555555555555
STAD,stomach,TRUE,^Stomach$,Stomach,ENSG00000021461,CYP3A43,0.0996059,0.13698655284919473,-0.05080274255844738,4.28768,0.10676,0.9588837795202965,0.5555555555555556,0.05555555555555555
THCA,thyroid,TRUE,^Thyroid$,Thyroid,ENSG00000069535,MAOB,10.0494,3.465896125994902,-2.4311706832409326,240.444,54.63885,0.7595819301901545,1,0.9444444444444444
THCA,thyroid,TRUE,^Thyroid$,Thyroid,ENSG00000160868,CYP3A4,0.130997,0.17759510254536137,-0.07832099806814612,335.297,0.143884,0.9964085738630708,0.6851851851851852,0.12962962962962962
THCA,thyroid,TRUE,^Thyroid$,Thyroid,ENSG00000106258,CYP3A5,0.624359,0.6998705181646011,-1.1861013918332202,155.853,1.5481850000000001,0.9437232781882395,0.9814814814814815,0.5370370370370371
THCA,thyroid,TRUE,^Thyroid$,Thyroid,ENSG00000160870,CYP3A7,0.0889649,0.12295745321732725,-0.18489922024745173,24.5131,0.1148035,0.9920989699539168,0.5370370370370371,0.05555555555555555
THCA,thyroid,TRUE,^Thyroid$,Thyroid,ENSG00000021461,CYP3A43,0.0938411,0.12940317607187168,-0.09308261053622437,4.28768,0.10676,0.9588837795202965,0.5555555555555556,0.05555555555555555
