tcga_code,gene,gene_id,n_pairs,logFC,AveExpr,t,p_value,q_value_project,B,mean_normal_logcpm,mean_tumor_logcpm,analysis_status,organ,mapping_valid_for_baseline_model,mapping_note,reserved,q_value_global,passes_statistical_screen,passes_effect_screen,robust_count_level_change,count_level_interpretation,identity_median_logFC,n_identity_genes,identity_status,residual_vs_identity,more_negative_than_identity
BRCA,MAOB,ENSG00000069535,113,-2.1583680889801524,6.227761945143184,-9.639527416645265,1.6987749026646565e-16,8.178193080876241e-16,26.279654381772104,7.420691803259547,5.034832087026823,primary_count_level,breast,TRUE,Direct organ mapping,FALSE,1.8261830203645057e-15,TRUE,TRUE,TRUE,loss,-1.4125033553336415,200,estimable,-0.745864733646511,TRUE
BRCA,CYP3A4,ENSG00000160868,113,-2.1904094810539343,-2.794573457986352,-10.807386262914687,2.9809283537107817e-19,1.8679216360288616e-18,33.18189088282568,-1.6494149902328261,-3.9397319257398817,primary_count_level,breast,TRUE,Direct organ mapping,FALSE,1.2817991920956362e-17,TRUE,TRUE,TRUE,loss,-1.4125033553336415,200,estimable,-0.7779061257202928,TRUE
BRCA,CYP3A5,ENSG00000106258,113,-0.2904503092437013,2.373717781337451,-4.583217380273701,1.1623583077338923e-5,2.155145764772889e-5,1.9970041452854375,2.521356275977924,2.2260792866969745,primary_count_level,breast,TRUE,Direct organ mapping,FALSE,1.9223618166368217e-5,TRUE,FALSE,FALSE,not_robust,-1.4125033553336415,200,estimable,1.12205304608994,FALSE
BRCA,CYP3A7,ENSG00000160870,113,,,,,,,,,low_expression_not_estimable,breast,TRUE,Direct organ mapping,FALSE,,FALSE,FALSE,FALSE,not_estimable_primary,-1.4125033553336415,200,estimable,,FALSE
BRCA,CYP3A43,ENSG00000021461,113,,,,,,,,,low_expression_not_estimable,breast,TRUE,Direct organ mapping,FALSE,,FALSE,FALSE,FALSE,not_estimable_primary,-1.4125033553336415,200,estimable,,FALSE
COAD,MAOB,ENSG00000069535,41,-2.70789628870493,3.317840451792747,-9.274382885107578,5.3072839635668855e-12,4.8710620295417534e-11,16.861051798636684,4.7025312013267255,1.933149702258766,primary_count_level,colon,TRUE,Colon subregions pooled,FALSE,2.2821321043337606e-11,TRUE,TRUE,TRUE,loss,-1.6005861034075977,200,estimable,-1.1073101852973324,TRUE
COAD,CYP3A4,ENSG00000160868,41,-2.9215306840079713,-0.3383525648444307,-5.650221051826628,1.0346467169079338e-6,3.2475305444485244e-6,4.983588001210732,0.9983408190643468,-1.6750459487532083,primary_count_level,colon,TRUE,Colon subregions pooled,FALSE,2.02226403759278e-6,TRUE,TRUE,TRUE,loss,-1.6005861034075977,200,estimable,-1.3209445806003737,TRUE
COAD,CYP3A5,ENSG00000106258,41,-0.19820252968770222,5.602629035813597,-1.0889258863684386,0.281975976119834,0.3335214365772733,-7.242117861796573,5.720869585517818,5.484388486109378,primary_count_level,colon,TRUE,Colon subregions pooled,FALSE,0.3108965890552016,FALSE,FALSE,FALSE,not_robust,-1.6005861034075977,200,estimable,1.4023835737198955,FALSE
COAD,CYP3A7,ENSG00000160870,41,,,,,,,,,low_expression_not_estimable,colon,TRUE,Colon subregions pooled,FALSE,,FALSE,FALSE,FALSE,not_estimable_primary,-1.6005861034075977,200,estimable,,FALSE
COAD,CYP3A43,ENSG00000021461,41,,,,,,,,,low_expression_not_estimable,colon,TRUE,Colon subregions pooled,FALSE,,FALSE,FALSE,FALSE,not_estimable_primary,-1.6005861034075977,200,estimable,,FALSE
ESCA,MAOB,ENSG00000069535,13,-1.447021388863092,4.560567046798304,-2.841258863402176,0.012481126941171665,0.059440769302208346,-3.366458383194245,5.35743089173555,3.7637032018610586,primary_count_level,esophagus,TRUE,Esophageal subregions pooled,FALSE,0.015333955956296618,TRUE,TRUE,TRUE,loss,-1.7066601168073774,200,estimable,0.25963872794428533,FALSE
ESCA,CYP3A4,ENSG00000160868,13,-0.41440373079989606,-2.018857730465207,-0.7253074987624818,0.4795391978792537,0.646272382807255,-5.917770861248285,-1.8321306074912953,-2.205584853439119,primary_count_level,esophagus,TRUE,Esophageal subregions pooled,FALSE,0.5029313538733636,FALSE,FALSE,FALSE,not_robust,-1.7066601168073774,200,estimable,1.2922563860074814,FALSE
ESCA,CYP3A5,ENSG00000106258,13,-0.39199569808975593,5.837931742905364,-0.9559188361912041,0.35441874469053924,0.5351516842501416,-6.36023883807188,6.058661862789322,5.617201623021405,primary_count_level,esophagus,TRUE,Esophageal subregions pooled,FALSE,0.38100015054232966,FALSE,FALSE,FALSE,not_robust,-1.7066601168073774,200,estimable,1.3146644187176215,FALSE
ESCA,CYP3A7,ENSG00000160870,13,,,,,,,,,low_expression_not_estimable,esophagus,TRUE,Esophageal subregions pooled,FALSE,,FALSE,FALSE,FALSE,not_estimable_primary,-1.7066601168073774,200,estimable,,FALSE
ESCA,CYP3A43,ENSG00000021461,13,,,,,,,,,low_expression_not_estimable,esophagus,TRUE,Esophageal subregions pooled,FALSE,,FALSE,FALSE,FALSE,not_estimable_primary,-1.7066601168073774,200,estimable,,FALSE
KICH,MAOB,ENSG00000069535,25,-4.277630302455459,4.1348946566256055,-6.567864261301823,4.4363704756761176e-7,2.1959981526565694e-6,5.75152454892854,6.669999332965542,1.599789980285668,primary_count_level,kidney,TRUE,Direct organ mapping,FALSE,1.0040206866003845e-6,TRUE,TRUE,TRUE,loss,-5.908812657380793,200,estimable,1.6311823549253335,FALSE
KICH,CYP3A4,ENSG00000160868,25,1.782107097062945,-0.31769225525200395,2.344972070903752,0.026500563777300437,0.04091393788088405,-4.778885296101771,-0.7046785893970207,0.06929407889301252,primary_count_level,kidney,TRUE,Direct organ mapping,FALSE,0.03165345117844219,TRUE,TRUE,TRUE,gain,-5.908812657380793,200,estimable,7.690919754443738,FALSE
KICH,CYP3A5,ENSG00000106258,25,-0.09704918525757157,2.800778129153473,-0.36662762905377416,0.7167078712338939,0.761083504108289,-7.548288734960691,2.880445502963099,2.721110755343849,primary_count_level,kidney,TRUE,Direct organ mapping,FALSE,0.7167078712338939,FALSE,FALSE,FALSE,not_robust,-5.908812657380793,200,estimable,5.811763472123221,FALSE
KICH,CYP3A7,ENSG00000160870,25,2.490823303182836,-0.38907190895172905,4.724846176166307,6.149450135884718e-5,1.7092848350943045e-4,1.1204667480815758,-1.5805223948751916,0.8023785769717332,primary_count_level,kidney,TRUE,Direct organ mapping,FALSE,9.443798422965819e-5,TRUE,TRUE,TRUE,gain,-5.908812657380793,200,estimable,8.399635960563629,FALSE
KICH,CYP3A43,ENSG00000021461,25,,,,,,,,,low_expression_not_estimable,kidney,TRUE,Direct organ mapping,FALSE,,FALSE,FALSE,FALSE,not_estimable_primary,-5.908812657380793,200,estimable,,FALSE
KIRC,MAOB,ENSG00000069535,72,0.8048316374358927,7.606411736936342,5.370996764235666,8.690250755021623e-7,1.8029841682167827e-6,4.027349246455362,7.213542442590908,7.99928103128177,primary_count_level,kidney,TRUE,Direct organ mapping,FALSE,1.7794322974568083e-6,TRUE,TRUE,TRUE,gain,-2.109952254804041,200,estimable,2.9147838922399334,FALSE
KIRC,CYP3A4,ENSG00000160868,72,-1.926103995861374,-1.1129287016610454,-7.011633108724977,9.368131975507784e-10,2.6104429914104267e-9,11.497681495466153,-0.32786281051115823,-1.897994592810932,primary_count_level,kidney,TRUE,Direct organ mapping,FALSE,3.0986898072833436e-9,TRUE,TRUE,TRUE,loss,-2.109952254804041,200,estimable,0.18384825894266688,FALSE
KIRC,CYP3A5,ENSG00000106258,72,1.4618337550315275,3.9331389553273124,8.41126923659863,2.1654931685495496e-12,7.924161961288718e-12,16.973011433067455,3.2173521456436354,4.648925765010995,primary_count_level,kidney,TRUE,Direct organ mapping,FALSE,1.163952578095383e-11,TRUE,TRUE,TRUE,gain,-2.109952254804041,200,estimable,3.5717860098355683,FALSE
KIRC,CYP3A7,ENSG00000160870,72,-0.4792482413452199,-1.3412937879995446,-2.1042648561535633,0.03875291787109222,0.04930748910437002,-5.346572388582515,-1.12216425339261,-1.5604233226064796,primary_count_level,kidney,TRUE,Direct organ mapping,FALSE,0.04503717482316122,TRUE,FALSE,FALSE,not_robust,-2.109952254804041,200,estimable,1.6307040134588209,FALSE
KIRC,CYP3A43,ENSG00000021461,72,,,,,,,,,low_expression_not_estimable,kidney,TRUE,Direct organ mapping,FALSE,,FALSE,FALSE,FALSE,not_estimable_primary,-2.109952254804041,200,estimable,,FALSE
KIRP,MAOB,ENSG00000069535,32,-0.8481437556344779,6.889910350223173,-2.7380475878997443,0.009757808308207001,0.01910374644029406,-4.552151887982696,7.397329775725051,6.382490924721291,primary_count_level,kidney,TRUE,Direct organ mapping,FALSE,0.012714719916754578,TRUE,TRUE,TRUE,loss,-2.7633279662687773,200,estimable,1.9151842106342993,FALSE
KIRP,CYP3A4,ENSG00000160868,32,-1.834353719537459,-0.5139773790310505,-4.213877463427361,1.7432063648900432e-4,5.436331516341657e-4,0.03704838444982794,0.3155788201232935,-1.3435335781853943,primary_count_level,kidney,TRUE,Direct organ mapping,FALSE,2.5847542651817883e-4,TRUE,TRUE,TRUE,loss,-2.7633279662687773,200,estimable,0.9289742467313182,FALSE
KIRP,CYP3A5,ENSG00000106258,32,1.7552260874981467,4.374376840541108,5.364788037136525,5.745921214502181e-6,2.6727296902304744e-5,2.8118016647516093,3.543925504733898,5.204828176348323,primary_count_level,kidney,TRUE,Direct organ mapping,FALSE,9.882984488943751e-6,TRUE,TRUE,TRUE,gain,-2.7633279662687773,200,estimable,4.518554053766924,FALSE
KIRP,CYP3A7,ENSG00000160870,32,-1.7743696974805265,-1.603310513384587,-4.1240178492574415,2.2616961077624408e-4,6.874271923751142e-4,-0.14219844076567867,-0.6807281894968732,-2.525892837272301,primary_count_level,kidney,TRUE,Direct organ mapping,FALSE,3.241764421126165e-4,TRUE,TRUE,TRUE,loss,-2.7633279662687773,200,estimable,0.9889582687882508,FALSE
KIRP,CYP3A43,ENSG00000021461,32,,,,,,,,,low_expression_not_estimable,kidney,TRUE,Direct organ mapping,FALSE,,FALSE,FALSE,FALSE,not_estimable_primary,-2.7633279662687773,200,estimable,,FALSE
LIHC,MAOB,ENSG00000069535,50,-0.9141250816916641,7.937546741280644,-7.2201813517126405,2.0858220305738105e-9,1.7475457554916926e-8,10.69542576024029,8.356422604603969,7.518670877957316,primary_count_level,liver,TRUE,MAOB/CYP3A4 tumor-normal cells reserved,FALSE,6.406453379619561e-9,TRUE,TRUE,TRUE,loss,-2.462676530472175,200,estimable,1.5485514487805112,FALSE
LIHC,CYP3A4,ENSG00000160868,50,-7.284966075661003,8.317655554663189,-12.6398165121738,1.597550322869685e-17,1.1972110100450223e-15,29.538647915260416,11.296536765154665,5.338774344171709,primary_count_level,liver,TRUE,MAOB/CYP3A4 tumor-normal cells reserved,FALSE,2.2898221294465483e-16,TRUE,TRUE,TRUE,loss,-2.462676530472175,200,estimable,-4.822289545188827,TRUE
LIHC,CYP3A5,ENSG00000106258,50,-1.055955835712751,7.594662891823588,-5.705476196327849,5.510914977836955e-7,2.562109917494367e-6,5.123330072483062,8.08114751110693,7.1081782725402425,primary_count_level,liver,TRUE,MAOB/CYP3A4 tumor-normal cells reserved,FALSE,1.1848467202349453e-6,TRUE,TRUE,TRUE,loss,-2.462676530472175,200,estimable,1.4067206947594242,FALSE
LIHC,CYP3A7,ENSG00000160870,50,-1.8042319330231502,3.230421397282149,-4.430932158475286,4.82663328297896e-5,1.4216731685322374e-4,0.7310484676158673,4.452004181056193,2.008838613508105,primary_count_level,liver,TRUE,MAOB/CYP3A4 tumor-normal cells reserved,FALSE,7.686860413633159e-5,TRUE,TRUE,TRUE,loss,-2.462676530472175,200,estimable,0.658444597449025,FALSE
LIHC,CYP3A43,ENSG00000021461,50,-2.8537130033334575,1.1633943981779888,-8.783908010611661,7.170658928126736e-12,1.1609372992676793e-10,16.574851270378062,2.8622187235936436,-0.5354299272376661,primary_count_level,liver,TRUE,MAOB/CYP3A4 tumor-normal cells reserved,FALSE,2.8030757628131786e-11,TRUE,TRUE,TRUE,loss,-2.462676530472175,200,estimable,-0.3910364728612823,TRUE
LUAD,MAOB,ENSG00000069535,58,-1.5021946041796652,4.922728941960887,-10.27518832569133,6.383844730167618e-15,5.9366115014477e-14,23.163208156950642,5.714779962333995,4.1306779215877825,primary_count_level,lung,TRUE,Direct organ mapping,FALSE,5.4901064679441514e-14,TRUE,TRUE,TRUE,loss,-1.5696154860653153,200,estimable,0.0674208818856501,FALSE
LUAD,CYP3A4,ENSG00000160868,58,,,,,,,,,low_expression_not_estimable,lung,TRUE,Direct organ mapping,FALSE,,FALSE,FALSE,FALSE,not_estimable_primary,-1.5696154860653153,200,estimable,,FALSE
LUAD,CYP3A5,ENSG00000106258,58,-0.3332621167777662,3.1264518246238993,-1.6645377124918947,0.10114351961338863,0.1285966667590852,-6.2969670353825045,3.4044217808390047,2.8484818684087942,primary_count_level,lung,TRUE,Direct organ mapping,FALSE,0.11445187745725556,FALSE,FALSE,FALSE,not_robust,-1.5696154860653153,200,estimable,1.2363533692875492,FALSE
LUAD,CYP3A7,ENSG00000160870,58,,,,,,,,,low_expression_not_estimable,lung,TRUE,Direct organ mapping,FALSE,,FALSE,FALSE,FALSE,not_estimable_primary,-1.5696154860653153,200,estimable,,FALSE
LUAD,CYP3A43,ENSG00000021461,58,,,,,,,,,low_expression_not_estimable,lung,TRUE,Direct organ mapping,FALSE,,FALSE,FALSE,FALSE,not_estimable_primary,-1.5696154860653153,200,estimable,,FALSE
LUSC,MAOB,ENSG00000069535,51,-2.240749604167458,4.6101405345968764,-12.861599872391627,4.941214352875618e-18,5.743599883157989e-17,30.467165020660904,5.825534725399154,3.3947463437945955,primary_count_level,lung,TRUE,Direct organ mapping,FALSE,1.0623610858682579e-16,TRUE,TRUE,TRUE,loss,-2.8888016259025955,200,estimable,0.6480520217351375,FALSE
LUSC,CYP3A4,ENSG00000160868,51,,,,,,,,,low_expression_not_estimable,lung,TRUE,Direct organ mapping,FALSE,,FALSE,FALSE,FALSE,not_estimable_primary,-2.8888016259025955,200,estimable,,FALSE
LUSC,CYP3A5,ENSG00000106258,51,-0.99559653632554,2.905386686988982,-7.132965724276386,2.497350686667581e-9,7.658800630696387e-9,10.516314200812461,3.400164825569516,2.4106085484084447,primary_count_level,lung,TRUE,Direct organ mapping,FALSE,7.159071968447066e-9,TRUE,TRUE,TRUE,loss,-2.8888016259025955,200,estimable,1.8932050895770556,FALSE
LUSC,CYP3A7,ENSG00000160870,51,-2.6581924619032002,-3.073846039890402,-10.25964562874718,2.7328427456864017e-14,1.6556332585063324e-13,22.259617652196717,-1.7202498289374948,-4.42744225084331,primary_count_level,lung,TRUE,Direct organ mapping,FALSE,1.8028016872884673e-13,TRUE,TRUE,TRUE,loss,-2.8888016259025955,200,estimable,0.23060916399939524,FALSE
LUSC,CYP3A43,ENSG00000021461,51,,,,,,,,,low_expression_not_estimable,lung,TRUE,Direct organ mapping,FALSE,,FALSE,FALSE,FALSE,not_estimable_primary,-2.8888016259025955,200,estimable,,FALSE
PRAD,MAOB,ENSG00000069535,52,-1.3230157448894477,6.2703513081296185,-7.773706350685809,2.2349894747978983e-10,2.6369362062845728e-9,13.134789120644287,6.933407854614689,5.607294761644538,primary_count_level,prostate,TRUE,Direct organ mapping,FALSE,8.008712284692469e-10,TRUE,TRUE,TRUE,loss,0.0962317907807814,200,estimable,-1.4192475356702292,TRUE
PRAD,CYP3A4,ENSG00000160868,52,,,,,,,,,low_expression_not_estimable,prostate,TRUE,Direct organ mapping,FALSE,,FALSE,FALSE,FALSE,not_estimable_primary,0.0962317907807814,200,estimable,,FALSE
PRAD,CYP3A5,ENSG00000106258,52,-1.4360464349641855,3.990327145276197,-10.227279309547438,2.934793444423086e-14,1.5696343460703993e-12,22.1462137248568,4.676410977894947,3.304243312657451,primary_count_level,prostate,TRUE,Direct organ mapping,FALSE,1.8028016872884673e-13,TRUE,TRUE,TRUE,loss,0.0962317907807814,200,estimable,-1.532278225744967,TRUE
PRAD,CYP3A7,ENSG00000160870,52,,,,,,,,,low_expression_not_estimable,prostate,TRUE,Direct organ mapping,FALSE,,FALSE,FALSE,FALSE,not_estimable_primary,0.0962317907807814,200,estimable,,FALSE
PRAD,CYP3A43,ENSG00000021461,52,-0.7124778756562306,-2.6489235488140443,-2.6196272764963404,0.01139238692180603,0.02082179928571889,-3.2797061570389583,-2.319085152527923,-2.9787619451001675,primary_count_level,prostate,TRUE,Direct organ mapping,FALSE,0.014408018754048802,TRUE,TRUE,TRUE,loss,0.0962317907807814,200,estimable,-0.8087096664370119,TRUE
STAD,MAOB,ENSG00000069535,33,-1.9133117519938714,4.982946826518018,-6.822460094353284,6.62658432887131e-8,1.9742899614604634e-6,7.947647298216664,5.975718183231056,3.9901754698049854,primary_count_level,stomach,TRUE,Direct organ mapping,FALSE,1.6761360361262727e-7,TRUE,TRUE,TRUE,loss,-0.46553715752626224,200,estimable,-1.4477745944676093,TRUE
STAD,CYP3A4,ENSG00000160868,33,-2.4340114440665364,0.6755974634895957,-2.842194677968817,0.007439761547413703,0.019576869056625593,-3.083687326877964,1.5348214423179378,-0.18362651533874597,primary_count_level,stomach,TRUE,Direct organ mapping,FALSE,0.009997179579337163,TRUE,TRUE,TRUE,loss,-0.46553715752626224,200,estimable,-1.9684742865402742,TRUE
STAD,CYP3A5,ENSG00000106258,33,-0.22373042944017868,5.506601092887592,-0.4846620005346165,0.630948559793814,0.7154951427196468,-7.034747924185393,5.6673362178172715,5.345865967957914,primary_count_level,stomach,TRUE,Direct organ mapping,FALSE,0.6459711445508095,FALSE,FALSE,FALSE,not_robust,-0.46553715752626224,200,estimable,0.24180672808608356,FALSE
STAD,CYP3A7,ENSG00000160870,33,,,,,,,,,low_expression_not_estimable,stomach,TRUE,Direct organ mapping,FALSE,,FALSE,FALSE,FALSE,not_estimable_primary,-0.46553715752626224,200,estimable,,FALSE
STAD,CYP3A43,ENSG00000021461,33,,,,,,,,,low_expression_not_estimable,stomach,TRUE,Direct organ mapping,FALSE,,FALSE,FALSE,FALSE,not_estimable_primary,-0.46553715752626224,200,estimable,,FALSE
THCA,MAOB,ENSG00000069535,59,-1.5046117850422522,2.601319773031304,-6.907089707517074,3.2803041748042093e-9,1.4885194127005642e-8,10.391320921980224,3.454659760186185,1.7479797858764228,primary_count_level,thyroid,TRUE,Direct organ mapping,FALSE,8.815817469786312e-9,TRUE,TRUE,TRUE,loss,-0.5088824303757851,200,estimable,-0.9957293546664672,TRUE
THCA,CYP3A4,ENSG00000160868,59,,,,,,,,,low_expression_not_estimable,thyroid,TRUE,Direct organ mapping,FALSE,,FALSE,FALSE,FALSE,not_estimable_primary,-0.5088824303757851,200,estimable,,FALSE
THCA,CYP3A5,ENSG00000106258,59,-0.23007884364699577,2.299283551273958,-5.094724116080176,3.571962961260232e-6,9.821073851861317e-6,3.549561479308153,2.4175892682076956,2.1809778343402204,primary_count_level,thyroid,TRUE,Direct organ mapping,FALSE,6.399766972257916e-6,TRUE,FALSE,FALSE,not_robust,-0.5088824303757851,200,estimable,0.2788035867287893,FALSE
THCA,CYP3A7,ENSG00000160870,59,,,,,,,,,low_expression_not_estimable,thyroid,TRUE,Direct organ mapping,FALSE,,FALSE,FALSE,FALSE,not_estimable_primary,-0.5088824303757851,200,estimable,,FALSE
THCA,CYP3A43,ENSG00000021461,59,,,,,,,,,low_expression_not_estimable,thyroid,TRUE,Direct organ mapping,FALSE,,FALSE,FALSE,FALSE,not_estimable_primary,-0.5088824303757851,200,estimable,,FALSE
